dice,aji,overseg_index,underseg_index,n_ref,n_pred,obj_count_diff,filename
0.7833840492534144,0.3238710886265692,0.547945205479452,0.7536231884057971,73,69,-4,BaselTMA_SP41_15.475kx12.665ky_10000x8500_5_20170905_100_239_X12Y3_177_a0_full_BaselTMA_SP41_15.475kx12.665ky_10000x8500_5_20170905_100_239_X12Y3_177_a0_full_segmentation_masks.tif
0.7516128707589802,0.39432765443879986,0.6073529411764705,0.9251824817518248,680,548,-132,BaselTMA_SP41_15.475kx12.665ky_10000x8500_5_20170905_101_141_X12Y2_104_a0_full_BaselTMA_SP41_15.475kx12.665ky_10000x8500_5_20170905_101_141_X12Y2_104_a0_full_segmentation_masks.tif
0.7772165305415809,0.44167608756294874,0.6294736842105263,0.8321678321678322,475,429,-46,BaselTMA_SP41_15.475kx12.665ky_10000x8500_5_20170905_102_72_X12Y1_18_a0_full_BaselTMA_SP41_15.475kx12.665ky_10000x8500_5_20170905_102_72_X12Y1_18_a0_full_segmentation_masks.tif
0.7714693956888996,0.391419257797116,0.5132360886007563,0.8938861560084329,1851,1423,-428,BaselTMA_SP41_15.475kx12.665ky_10000x8500_5_20170905_106_18_X13Y5_248_a0_full_BaselTMA_SP41_15.475kx12.665ky_10000x8500_5_20170905_106_18_X13Y5_248_a0_full_segmentation_masks.tif
0.8990199484105573,0.17290254347486866,1.5269770879526976,2.6452991452991452,2706,1872,-834,BaselTMA_SP41_15.475kx12.665ky_10000x8500_5_20170905_107_114_X13Y4_219_a0_full_BaselTMA_SP41_15.475kx12.665ky_10000x8500_5_20170905_107_114_X13Y4_219_a0_full_segmentation_masks.tif
0.9165705090424214,0.27936163147845816,1.8418635170603674,2.4470400849482346,4572,3767,-805,BaselTMA_SP41_15.475kx12.665ky_10000x8500_5_20170905_108_117_X13Y3_187_a0_full_BaselTMA_SP41_15.475kx12.665ky_10000x8500_5_20170905_108_117_X13Y3_187_a0_full_segmentation_masks.tif
0.8293620977678335,0.2856787440693351,1.0548920532843362,1.72176054170514,4354,3249,-1105,BaselTMA_SP41_15.475kx12.665ky_10000x8500_5_20170905_109_83_X13Y2_116_a0_full_BaselTMA_SP41_15.475kx12.665ky_10000x8500_5_20170905_109_83_X13Y2_116_a0_full_segmentation_masks.tif
0.6762015974590125,0.30789907752458917,0.3768939393939394,0.9373134328358209,528,335,-193,BaselTMA_SP41_15.475kx12.665ky_10000x8500_5_20170905_110_274_X13Y1_32_a0_full_BaselTMA_SP41_15.475kx12.665ky_10000x8500_5_20170905_110_274_X13Y1_32_a0_full_segmentation_masks.tif
0.8237892191508807,0.36203321696815827,0.852239674229203,1.3333333333333333,1719,1338,-381,BaselTMA_SP41_15.475kx12.665ky_10000x8500_5_20170905_114_42_X14Y5_250_a0_full_BaselTMA_SP41_15.475kx12.665ky_10000x8500_5_20170905_114_42_X14Y5_250_a0_full_segmentation_masks.tif
0.74573736603674,0.3947815062470605,0.42901234567901236,0.6416382252559727,324,293,-31,BaselTMA_SP41_15.475kx12.665ky_10000x8500_5_20170905_115_114_X14Y4_225_a0_full_BaselTMA_SP41_15.475kx12.665ky_10000x8500_5_20170905_115_114_X14Y4_225_a0_full_segmentation_masks.tif
0.3544338554120379,0.16376635999307654,0.16591928251121077,0.43452380952380953,223,168,-55,BaselTMA_SP41_15.475kx12.665ky_10000x8500_5_20170905_116_117_X14Y3_195_a0_full_BaselTMA_SP41_15.475kx12.665ky_10000x8500_5_20170905_116_117_X14Y3_195_a0_full_segmentation_masks.tif
0.8172048071266493,0.31112100349955485,1.227228207639569,1.7546012269938651,2042,1630,-412,BaselTMA_SP41_15.475kx12.665ky_10000x8500_5_20170905_117_83_X14Y2_128_a0_full_BaselTMA_SP41_15.475kx12.665ky_10000x8500_5_20170905_117_83_X14Y2_128_a0_full_segmentation_masks.tif
0.6393734265734266,0.33373625225709214,0.18530884808013356,0.6022727272727273,599,352,-247,BaselTMA_SP41_15.475kx12.665ky_10000x8500_5_20170905_118_274_X14Y1_46_a0_full_BaselTMA_SP41_15.475kx12.665ky_10000x8500_5_20170905_118_274_X14Y1_46_a0_full_segmentation_masks.tif
0.8926195027493047,0.29251682930647604,1.4772344013490726,2.0838302350052613,3558,2851,-707,BaselTMA_SP41_15.475kx12.665ky_10000x8500_5_20170905_121_100_X15Y5_252_a0_full_BaselTMA_SP41_15.475kx12.665ky_10000x8500_5_20170905_121_100_X15Y5_252_a0_full_segmentation_masks.tif
0.8952326482194302,0.21361337686519202,1.144487932159165,2.202643171806167,3066,2043,-1023,BaselTMA_SP41_15.475kx12.665ky_10000x8500_5_20170905_122_166_X15Y4_231_a0_full_BaselTMA_SP41_15.475kx12.665ky_10000x8500_5_20170905_122_166_X15Y4_231_a0_full_segmentation_masks.tif
0.8913626899979541,0.4444425129506658,1.0714285714285714,1.4740834386852086,1890,1582,-308,BaselTMA_SP41_15.475kx12.665ky_10000x8500_5_20170905_123_86_X15Y3_203_a0_full_BaselTMA_SP41_15.475kx12.665ky_10000x8500_5_20170905_123_86_X15Y3_203_a0_full_segmentation_masks.tif
0.8305063039963072,0.30047529195590783,1.2101113172541744,1.7585093896713615,4312,3408,-904,BaselTMA_SP41_15.475kx12.665ky_10000x8500_5_20170905_124_31_X15Y2_140_a0_full_BaselTMA_SP41_15.475kx12.665ky_10000x8500_5_20170905_124_31_X15Y2_140_a0_full_segmentation_masks.tif
0.8978008908309761,0.32085171286237846,1.895330112721417,2.270382912216723,4347,3839,-508,BaselTMA_SP41_15.475kx12.665ky_10000x8500_5_20170905_125_58_X15Y1_60_a0_full_BaselTMA_SP41_15.475kx12.665ky_10000x8500_5_20170905_125_58_X15Y1_60_a0_full_segmentation_masks.tif
0.8970143854990216,0.26083434129980937,1.1887623944179213,2.009600808489136,2723,1979,-744,BaselTMA_SP41_15.475kx12.665ky_10000x8500_5_20170905_128_177_X16Y5_254_a0_full_BaselTMA_SP41_15.475kx12.665ky_10000x8500_5_20170905_128_177_X16Y5_254_a0_full_segmentation_masks.tif
0.7936284987277353,0.41842435791935556,0.6337308347529813,0.9560669456066946,587,478,-109,BaselTMA_SP41_15.475kx12.665ky_10000x8500_5_20170905_128_204_X16Y4_237_a0_full_BaselTMA_SP41_15.475kx12.665ky_10000x8500_5_20170905_128_204_X16Y4_237_a0_full_segmentation_masks.tif
0.7311431158491791,0.37909667082911197,0.5336322869955157,0.7967332123411979,669,551,-118,BaselTMA_SP41_15.475kx12.665ky_10000x8500_5_20170905_128_204_X16Y4_238_a0_full_BaselTMA_SP41_15.475kx12.665ky_10000x8500_5_20170905_128_204_X16Y4_238_a0_full_segmentation_masks.tif
0.7158920539730135,0.36555405257192997,0.18840579710144928,0.5314685314685315,207,143,-64,BaselTMA_SP41_15.475kx12.665ky_10000x8500_5_20170905_131_31_X16Y2_153_a0_full_BaselTMA_SP41_15.475kx12.665ky_10000x8500_5_20170905_131_31_X16Y2_153_a0_full_segmentation_masks.tif
0.706479016102447,0.34118138111212454,0.42034548944337813,0.7701711491442543,521,409,-112,BaselTMA_SP41_15.475kx12.665ky_10000x8500_5_20170905_132_58_X16Y1_74_a0_full_BaselTMA_SP41_15.475kx12.665ky_10000x8500_5_20170905_132_58_X16Y1_74_a0_full_segmentation_masks.tif
0.8265258694074086,0.404076993583868,0.9136212624584718,1.279839518555667,1204,997,-207,BaselTMA_SP41_15.475kx12.665ky_10000x8500_5_20170905_90_88_X11Y5_242_a0_full_BaselTMA_SP41_15.475kx12.665ky_10000x8500_5_20170905_90_88_X11Y5_242_a0_full_segmentation_masks.tif
0.8167769191094485,0.37628457566662443,0.6049743964886612,1.0572687224669604,2734,2043,-691,BaselTMA_SP41_15.475kx12.665ky_10000x8500_5_20170905_92_239_X11Y3_165_a0_full_BaselTMA_SP41_15.475kx12.665ky_10000x8500_5_20170905_92_239_X11Y3_165_a0_full_segmentation_masks.tif
0.8951752863589032,0.19258371060079008,1.6695513952666903,2.580407969639469,5662,4216,-1446,BaselTMA_SP41_15.475kx12.665ky_10000x8500_5_20170905_93_141_X11Y2_89_a0_full_BaselTMA_SP41_15.475kx12.665ky_10000x8500_5_20170905_93_141_X11Y2_89_a0_full_segmentation_masks.tif
0.8581951468800113,0.21491372050868504,1.0428202288667405,2.1652123327516,2709,1719,-990,BaselTMA_SP41_15.475kx12.665ky_10000x8500_5_20170905_94_72_X11Y1_6_a0_full_BaselTMA_SP41_15.475kx12.665ky_10000x8500_5_20170905_94_72_X11Y1_6_a0_full_segmentation_masks.tif
0.843067133626005,0.5276453855283235,0.6090225563909775,0.7287234042553191,399,376,-23,BaselTMA_SP41_15.475kx12.665ky_10000x8500_5_20170905_98_20_X12Y5_246_a0_full_BaselTMA_SP41_15.475kx12.665ky_10000x8500_5_20170905_98_20_X12Y5_246_a0_full_segmentation_masks.tif
0.7566796111834211,0.33953766455082146,0.7077534791252486,1.1145510835913313,2515,1938,-577,BaselTMA_SP41_15.475kx12.665ky_10000x8500_5_20170905_99_159_X12Y4_211_a0_full_BaselTMA_SP41_15.475kx12.665ky_10000x8500_5_20170905_99_159_X12Y4_211_a0_full_segmentation_masks.tif
0.8459245585631932,0.3501074513200578,0.8928762720942689,1.4840579710144928,1867,1380,-487,BaselTMA_SP41_15.475kx17.66ky_8000x5000_11_20170905_103_267_X13Y8_155_a0_full_BaselTMA_SP41_15.475kx17.66ky_8000x5000_11_20170905_103_267_X13Y8_155_a0_full_segmentation_masks.tif
0.8893708207471664,0.2368161396315704,1.3605695509309967,2.1868522357121707,4565,3377,-1188,BaselTMA_SP41_15.475kx17.66ky_8000x5000_11_20170905_104_11_X13Y7_91_a0_full_BaselTMA_SP41_15.475kx17.66ky_8000x5000_11_20170905_104_11_X13Y7_91_a0_full_segmentation_masks.tif
0.7597765363128491,0.3203512369408674,0.897748847301329,1.3642501776830136,3687,2814,-873,BaselTMA_SP41_15.475kx17.66ky_8000x5000_11_20170905_105_247_X13Y6_20_a0_full_BaselTMA_SP41_15.475kx17.66ky_8000x5000_11_20170905_105_247_X13Y6_20_a0_full_segmentation_masks.tif
0.8562085058831262,0.24761658732208977,1.047337278106509,1.961705487564153,3718,2533,-1185,BaselTMA_SP41_15.475kx17.66ky_8000x5000_11_20170905_111_48_X14Y8_167_a0_full_BaselTMA_SP41_15.475kx17.66ky_8000x5000_11_20170905_111_48_X14Y8_167_a0_full_segmentation_masks.tif
0.8686467552915154,0.40635771563297013,1.302213001383126,1.6440745144669044,2892,2523,-369,BaselTMA_SP41_15.475kx17.66ky_8000x5000_11_20170905_112_126_X14Y7_106_a0_full_BaselTMA_SP41_15.475kx17.66ky_8000x5000_11_20170905_112_126_X14Y7_106_a0_full_segmentation_masks.tif
0.8349938873307575,0.37396393098786695,1.0638357705286838,1.4799046321525886,3556,2936,-620,BaselTMA_SP41_15.475kx17.66ky_8000x5000_11_20170905_113_33_X14Y6_34_a0_full_BaselTMA_SP41_15.475kx17.66ky_8000x5000_11_20170905_113_33_X14Y6_34_a0_full_segmentation_masks.tif
0.9098002931061814,0.1528188029597804,1.2537411971830985,2.6733740567732664,4544,2783,-1761,BaselTMA_SP41_15.475kx17.66ky_8000x5000_11_20170905_119_191_X15Y7_118_a0_full_BaselTMA_SP41_15.475kx17.66ky_8000x5000_11_20170905_119_191_X15Y7_118_a0_full_segmentation_masks.tif
0.7631467725940515,0.3230936229934797,0.5953838907206783,1.1720578114246387,2123,1453,-670,BaselTMA_SP41_15.475kx17.66ky_8000x5000_11_20170905_120_214_X15Y6_48_a0_full_BaselTMA_SP41_15.475kx17.66ky_8000x5000_11_20170905_120_214_X15Y6_48_a0_full_segmentation_masks.tif
0.7871261697898287,0.3165431663138085,0.9196093163035312,1.4370664023785926,2662,2018,-644,BaselTMA_SP41_15.475kx17.66ky_8000x5000_11_20170905_126_40_X16Y7_130_a0_full_BaselTMA_SP41_15.475kx17.66ky_8000x5000_11_20170905_126_40_X16Y7_130_a0_full_segmentation_masks.tif
0.8089263999932209,0.34452350163209733,0.8296564195298373,1.3440499040307101,2765,2084,-681,BaselTMA_SP41_15.475kx17.66ky_8000x5000_11_20170905_127_237_X16Y6_62_a0_full_BaselTMA_SP41_15.475kx17.66ky_8000x5000_11_20170905_127_237_X16Y6_62_a0_full_segmentation_masks.tif
0.6992613246859282,0.2980493316136257,0.3005434782608696,0.9487895716945997,1840,1074,-766,BaselTMA_SP41_15.475kx17.66ky_8000x5000_11_20170905_95_255_X12Y8_142_a0_full_BaselTMA_SP41_15.475kx17.66ky_8000x5000_11_20170905_95_255_X12Y8_142_a0_full_segmentation_masks.tif
0.8195473995324011,0.1010012899816605,1.0339730862563423,3.4575835475578405,4533,1945,-2588,BaselTMA_SP41_15.475kx17.66ky_8000x5000_11_20170905_96_92_X12Y7_76_a0_full_BaselTMA_SP41_15.475kx17.66ky_8000x5000_11_20170905_96_92_X12Y7_76_a0_full_segmentation_masks.tif
0.8461873800005565,0.34165857786405834,0.9668674698795181,1.4685714285714286,664,525,-139,BaselTMA_SP41_15.475kx17.66ky_8000x5000_11_20170905_97_277_X12Y6_8_a0_full_BaselTMA_SP41_15.475kx17.66ky_8000x5000_11_20170905_97_277_X12Y6_8_a0_full_segmentation_masks.tif
0.8018323581476426,0.399590541799252,0.8293023255813954,1.166093928980527,2150,1746,-404,BaselTMA_SP41_23.475kx17.66ky_10000x5000_12_20170905_47_53_X6Y8_169_a0_full_BaselTMA_SP41_23.475kx17.66ky_10000x5000_12_20170905_47_53_X6Y8_169_a0_full_segmentation_masks.tif
0.8973876582497132,0.31676535880092954,1.0902602854743912,1.7042633567188343,2382,1853,-529,BaselTMA_SP41_23.475kx17.66ky_10000x5000_12_20170905_48_268_X6Y7_93_a0_full_BaselTMA_SP41_23.475kx17.66ky_10000x5000_12_20170905_48_268_X6Y7_93_a0_full_segmentation_masks.tif
0.8240536417497428,0.326409607258148,0.8634204275534442,1.2773722627737227,842,685,-157,BaselTMA_SP41_23.475kx17.66ky_10000x5000_12_20170905_49_231_X6Y6_10_a0_full_BaselTMA_SP41_23.475kx17.66ky_10000x5000_12_20170905_49_231_X6Y6_10_a0_full_segmentation_masks.tif
0.7048520777356023,0.3019420575537571,0.44831524842946885,0.966557911908646,1751,1226,-525,BaselTMA_SP41_23.475kx17.66ky_10000x5000_12_20170905_55_129_X7Y8_179_a0_full_BaselTMA_SP41_23.475kx17.66ky_10000x5000_12_20170905_55_129_X7Y8_179_a0_full_segmentation_masks.tif
0.8293009728211814,0.27031730541378635,0.8832365995220212,1.7171922685656154,2929,1966,-963,BaselTMA_SP41_23.475kx17.66ky_10000x5000_12_20170905_56_62_X7Y7_108_a0_full_BaselTMA_SP41_23.475kx17.66ky_10000x5000_12_20170905_56_62_X7Y7_108_a0_full_segmentation_masks.tif
0.903146280775275,0.23567368570099317,1.3955431754874652,2.185476410730805,2872,2162,-710,BaselTMA_SP41_23.475kx17.66ky_10000x5000_12_20170905_57_37_X7Y6_22_a0_full_BaselTMA_SP41_23.475kx17.66ky_10000x5000_12_20170905_57_37_X7Y6_22_a0_full_segmentation_masks.tif
0.8811417437895762,0.3372641386533822,1.2825694695055936,1.8696844993141288,2771,2187,-584,BaselTMA_SP41_23.475kx17.66ky_10000x5000_12_20170905_63_203_X8Y8_189_a0_full_BaselTMA_SP41_23.475kx17.66ky_10000x5000_12_20170905_63_203_X8Y8_189_a0_full_segmentation_masks.tif
0.840180978502942,0.275509746405088,1.0061705989110707,1.7706516162134427,2755,1949,-806,BaselTMA_SP41_23.475kx17.66ky_10000x5000_12_20170905_64_219_X8Y7_120_a0_full_BaselTMA_SP41_23.475kx17.66ky_10000x5000_12_20170905_64_219_X8Y7_120_a0_full_segmentation_masks.tif
0.8056865222437932,0.39588202400240885,0.7107371794871795,1.0295801526717556,1248,1048,-200,BaselTMA_SP41_23.475kx17.66ky_10000x5000_12_20170905_65_57_X8Y6_36_a0_full_BaselTMA_SP41_23.475kx17.66ky_10000x5000_12_20170905_65_57_X8Y6_36_a0_full_segmentation_masks.tif
0.8583876151375083,0.24706552582100663,1.3647984267453295,2.1770207080828325,4068,2994,-1074,BaselTMA_SP41_23.475kx17.66ky_10000x5000_12_20170905_71_276_X9Y8_197_a0_full_BaselTMA_SP41_23.475kx17.66ky_10000x5000_12_20170905_71_276_X9Y8_197_a0_full_segmentation_masks.tif
0.8141522688898697,0.35546048533378705,0.8759640102827764,1.3866778382907414,3112,2387,-725,BaselTMA_SP41_23.475kx17.66ky_10000x5000_12_20170905_72_256_X9Y7_132_a0_full_BaselTMA_SP41_23.475kx17.66ky_10000x5000_12_20170905_72_256_X9Y7_132_a0_full_segmentation_masks.tif
0.8476861080437682,0.3530771488378072,1.331698344573881,1.8143176733780761,1631,1341,-290,BaselTMA_SP41_23.475kx17.66ky_10000x5000_12_20170905_73_227_X9Y6_50_a0_full_BaselTMA_SP41_23.475kx17.66ky_10000x5000_12_20170905_73_227_X9Y6_50_a0_full_segmentation_masks.tif
0.910954483335404,0.34700566539861877,1.7818234780075735,2.2162798520013456,3433,2973,-460,BaselTMA_SP41_23.475kx17.66ky_10000x5000_12_20170905_79_101_X10Y8_205_a0_full_BaselTMA_SP41_23.475kx17.66ky_10000x5000_12_20170905_79_101_X10Y8_205_a0_full_segmentation_masks.tif
0.8527488736752658,0.38478514749046405,0.6140672782874618,1.1640033641715728,1635,1189,-446,BaselTMA_SP41_23.475kx17.66ky_10000x5000_12_20170905_80_55_X10Y7_144_a0_full_BaselTMA_SP41_23.475kx17.66ky_10000x5000_12_20170905_80_55_X10Y7_144_a0_full_segmentation_masks.tif
0.8970814181427615,0.3274802701544927,1.301854247520483,1.963149078726968,2319,1791,-528,BaselTMA_SP41_23.475kx17.66ky_10000x5000_12_20170905_81_234_X10Y6_64_a0_full_BaselTMA_SP41_23.475kx17.66ky_10000x5000_12_20170905_81_234_X10Y6_64_a0_full_segmentation_masks.tif
0.8716500083774258,0.2931346245355418,1.2457337883959045,1.9900621118012423,3223,2415,-808,BaselTMA_SP41_23.475kx17.66ky_10000x5000_12_20170905_87_41_X11Y8_213_a0_full_BaselTMA_SP41_23.475kx17.66ky_10000x5000_12_20170905_87_41_X11Y8_213_a0_full_segmentation_masks.tif
0.8238969961263917,0.3638991648760605,0.9683845820701602,1.4632393587617467,2309,1809,-500,BaselTMA_SP41_23.475kx17.66ky_10000x5000_12_20170905_88_60_X11Y7_157_a0_full_BaselTMA_SP41_23.475kx17.66ky_10000x5000_12_20170905_88_60_X11Y7_157_a0_full_segmentation_masks.tif
0.8233041493899711,0.3389717960367665,1.0295634238569955,1.4854663774403472,2909,2305,-604,BaselTMA_SP41_23.475kx17.66ky_10000x5000_12_20170905_89_254_X11Y6_78_a0_full_BaselTMA_SP41_23.475kx17.66ky_10000x5000_12_20170905_89_254_X11Y6_78_a0_full_segmentation_masks.tif
0.9028702181946954,0.2539633139643008,1.4943820224719102,2.1635220125786163,1602,1272,-330,BaselTMA_SP41_23.475kx17.66ky_10000x5000_12_20170912_49_231_X6Y6_256_a0_full_BaselTMA_SP41_23.475kx17.66ky_10000x5000_12_20170912_49_231_X6Y6_256_a0_full_segmentation_masks.tif
0.8024922830684806,0.3701011873061621,0.8227194492254734,1.3023516237402015,1162,893,-269,BaselTMA_SP41_25.475kx12.665ky_8000x8500_3_20170905_53_24_X6Y2_58_a0_full_BaselTMA_SP41_25.475kx12.665ky_8000x8500_3_20170905_53_24_X6Y2_58_a0_full_segmentation_masks.tif
0.7736139002881341,0.436986756836446,0.44981132075471697,0.6240409207161125,1325,1173,-152,BaselTMA_SP41_25.475kx12.665ky_8000x8500_3_20170905_58_153_X7Y5_209_a0_full_BaselTMA_SP41_25.475kx12.665ky_8000x8500_3_20170905_58_153_X7Y5_209_a0_full_segmentation_masks.tif
0.8246205080545229,0.4925873479178106,0.3122448979591837,0.5545243619489559,490,431,-59,BaselTMA_SP41_25.475kx12.665ky_8000x8500_3_20170905_59_104_X7Y4_163_a0_full_BaselTMA_SP41_25.475kx12.665ky_8000x8500_3_20170905_59_104_X7Y4_163_a0_full_segmentation_masks.tif
0.45160150209852,0.16190133976695242,0.4296577946768061,0.8440366972477065,263,218,-45,BaselTMA_SP41_25.475kx12.665ky_8000x8500_3_20170905_60_228_X7Y3_114_a0_full_BaselTMA_SP41_25.475kx12.665ky_8000x8500_3_20170905_60_228_X7Y3_114_a0_full_segmentation_masks.tif
0.8067537748245853,0.41360577597083975,0.7378640776699029,1.0577864838393731,1236,1021,-215,BaselTMA_SP41_25.475kx12.665ky_8000x8500_3_20170905_61_284_X7Y2_72_a0_full_BaselTMA_SP41_25.475kx12.665ky_8000x8500_3_20170905_61_284_X7Y2_72_a0_full_segmentation_masks.tif
0.8029976849685193,0.2825450771894349,0.8045717965228589,1.4760164458656921,3106,2189,-917,BaselTMA_SP41_25.475kx12.665ky_8000x8500_3_20170905_62_238_X7Y1_4_a0_full_BaselTMA_SP41_25.475kx12.665ky_8000x8500_3_20170905_62_238_X7Y1_4_a0_full_segmentation_masks.tif
0.8453596835370916,0.39432003377473523,1.2911729857819905,1.608398770911574,3376,2929,-447,BaselTMA_SP41_25.475kx12.665ky_8000x8500_3_20170905_66_135_X8Y5_217_a0_full_BaselTMA_SP41_25.475kx12.665ky_8000x8500_3_20170905_66_135_X8Y5_217_a0_full_segmentation_masks.tif
0.823875613958117,0.40007091419382546,0.9815317762085823,1.3858004018754186,1841,1493,-348,BaselTMA_SP41_25.475kx12.665ky_8000x8500_3_20170905_67_104_X8Y4_175_a0_full_BaselTMA_SP41_25.475kx12.665ky_8000x8500_3_20170905_67_104_X8Y4_175_a0_full_segmentation_masks.tif
0.8085464687927587,0.4498702884175187,0.17592592592592593,0.42424242424242425,108,99,-9,BaselTMA_SP41_25.475kx12.665ky_8000x8500_3_20170905_69_284_X8Y2_87_a0_full_BaselTMA_SP41_25.475kx12.665ky_8000x8500_3_20170905_69_284_X8Y2_87_a0_full_segmentation_masks.tif
0.7893559747093667,0.37588838151479775,0.9609184171958964,1.3305338932213557,2047,1667,-380,BaselTMA_SP41_25.475kx12.665ky_8000x8500_3_20170905_70_238_X8Y1_16_a0_full_BaselTMA_SP41_25.475kx12.665ky_8000x8500_3_20170905_70_238_X8Y1_16_a0_full_segmentation_masks.tif
0.7022870363346735,0.24582785759638529,0.33344792024750775,1.3043790380473796,2909,1393,-1516,BaselTMA_SP41_25.475kx12.665ky_8000x8500_3_20170905_74_280_X9Y5_223_a0_full_BaselTMA_SP41_25.475kx12.665ky_8000x8500_3_20170905_74_280_X9Y5_223_a0_full_segmentation_masks.tif
0.18870087905215246,0.080469263256687,0.18823529411764706,0.29347826086956524,85,92,7,BaselTMA_SP41_25.475kx12.665ky_8000x8500_3_20170905_75_218_X9Y4_185_a0_full_BaselTMA_SP41_25.475kx12.665ky_8000x8500_3_20170905_75_218_X9Y4_185_a0_full_segmentation_masks.tif
0.802705678931252,0.3059625707239228,1.1569847856154911,1.6666666666666667,2892,2298,-594,BaselTMA_SP41_25.475kx12.665ky_8000x8500_3_20170905_77_52_X9Y3_126_a0_full_BaselTMA_SP41_25.475kx12.665ky_8000x8500_3_20170905_77_52_X9Y3_126_a0_full_segmentation_masks.tif
0.7794010793661359,0.34147085522105985,0.8217954443948191,1.2920763447079238,2239,1729,-510,BaselTMA_SP41_25.475kx12.665ky_8000x8500_3_20170905_78_68_X9Y1_30_a0_full_BaselTMA_SP41_25.475kx12.665ky_8000x8500_3_20170905_78_68_X9Y1_30_a0_full_segmentation_masks.tif
0.8577839289977306,0.3854939699512865,1.3101709162230317,1.6237146529562982,3569,3112,-457,BaselTMA_SP41_25.475kx12.665ky_8000x8500_3_20170905_82_220_X10Y5_229_a0_full_BaselTMA_SP41_25.475kx12.665ky_8000x8500_3_20170905_82_220_X10Y5_229_a0_full_segmentation_masks.tif
0.7897858796296297,0.36281936308649276,0.9812059514487079,1.4307923771313942,2554,1994,-560,BaselTMA_SP41_25.475kx12.665ky_8000x8500_3_20170905_83_218_X10Y4_193_a0_full_BaselTMA_SP41_25.475kx12.665ky_8000x8500_3_20170905_83_218_X10Y4_193_a0_full_segmentation_masks.tif
0.8679865495254901,0.22003983559183485,1.3027747551686615,2.190836804240818,3676,2641,-1035,BaselTMA_SP41_25.475kx12.665ky_8000x8500_3_20170905_84_259_X10Y3_138_a0_full_BaselTMA_SP41_25.475kx12.665ky_8000x8500_3_20170905_84_259_X10Y3_138_a0_full_segmentation_masks.tif
0.4358135731807032,0.19667318982387474,0.0,0.3333333333333333,9,3,-6,BaselTMA_SP41_25.475kx12.665ky_8000x8500_3_20170905_85_52_X10Y2_101_a0_full_BaselTMA_SP41_25.475kx12.665ky_8000x8500_3_20170905_85_52_X10Y2_101_a0_full_segmentation_masks.tif
0.7843522704934146,0.40253653156878966,0.0,0.23529411764705882,18,17,-1,BaselTMA_SP41_25.475kx12.665ky_8000x8500_3_20170905_85_52_X10Y2_102_a0_full_BaselTMA_SP41_25.475kx12.665ky_8000x8500_3_20170905_85_52_X10Y2_102_a0_full_segmentation_masks.tif
0.8096294548029266,0.3650128865979381,0.95578231292517,1.3481781376518218,294,247,-47,BaselTMA_SP41_25.475kx12.665ky_8000x8500_3_20170905_86_68_X10Y1_44_a0_full_BaselTMA_SP41_25.475kx12.665ky_8000x8500_3_20170905_86_68_X10Y1_44_a0_full_segmentation_masks.tif
0.9268390878970321,0.17338786941709136,1.6314449395289625,2.8320964749536177,4713,3234,-1479,BaselTMA_SP41_25.475kx12.665ky_8000x8500_3_20170905_90_88_X11Y5_235_a0_full_BaselTMA_SP41_25.475kx12.665ky_8000x8500_3_20170905_90_88_X11Y5_235_a0_full_segmentation_masks.tif
0.7450778093027255,0.4344206696676327,0.11003236245954692,0.358974358974359,309,234,-75,BaselTMA_SP41_25.475kx12.665ky_8000x8500_3_20170905_91_159_X11Y4_201_a0_full_BaselTMA_SP41_25.475kx12.665ky_8000x8500_3_20170905_91_159_X11Y4_201_a0_full_segmentation_masks.tif
0.7911778507742844,0.43753372908796545,0.015873015873015872,0.28,63,50,-13,BaselTMA_SP41_25.475kx12.665ky_8000x8500_3_20170905_92_239_X11Y3_151_a0_full_BaselTMA_SP41_25.475kx12.665ky_8000x8500_3_20170905_92_239_X11Y3_151_a0_full_segmentation_masks.tif
0.8249250557277922,0.4757811416831571,0.3362573099415205,0.6243478260869565,684,575,-109,BaselTMA_SP41_33.475kx12.66ky_8500x8500_2_20170905_15_263_X2Y4_199_a0_full_BaselTMA_SP41_33.475kx12.66ky_8500x8500_2_20170905_15_263_X2Y4_199_a0_full_segmentation_masks.tif
0.6776972175745182,0.4624796084828711,0.15730337078651685,0.16666666666666666,89,102,13,BaselTMA_SP41_33.475kx12.66ky_8500x8500_2_20170905_16_282_X2Y3_148_a0_full_BaselTMA_SP41_33.475kx12.66ky_8500x8500_2_20170905_16_282_X2Y3_148_a0_full_segmentation_masks.tif
0.8366042902784117,0.5865314989138306,0.11764705882352941,0.25,68,60,-8,BaselTMA_SP41_33.475kx12.66ky_8500x8500_2_20170905_16_282_X2Y3_149_a0_full_BaselTMA_SP41_33.475kx12.66ky_8500x8500_2_20170905_16_282_X2Y3_149_a0_full_segmentation_masks.tif
0.7760034238788803,0.30419197711484874,1.1694549379384782,1.6722745625841184,1853,1486,-367,BaselTMA_SP41_33.475kx12.66ky_8500x8500_2_20170905_17_206_X2Y2_85_a0_full_BaselTMA_SP41_33.475kx12.66ky_8500x8500_2_20170905_17_206_X2Y2_85_a0_full_segmentation_masks.tif
0.8318317521786925,0.5019121982312167,0.6044352759154203,0.8161592505854801,1939,1708,-231,BaselTMA_SP41_33.475kx12.66ky_8500x8500_2_20170905_24_61_X3Y4_207_a0_full_BaselTMA_SP41_33.475kx12.66ky_8500x8500_2_20170905_24_61_X3Y4_207_a0_full_segmentation_masks.tif
0.8983535905703142,0.3622045335343144,1.3221430993557137,1.8,2949,2445,-504,BaselTMA_SP41_33.475kx12.66ky_8500x8500_2_20170905_25_45_X3Y3_161_a0_full_BaselTMA_SP41_33.475kx12.66ky_8500x8500_2_20170905_25_45_X3Y3_161_a0_full_segmentation_masks.tif
0.6943910019239308,0.43521665250637215,0.04639175257731959,0.20134228187919462,194,149,-45,BaselTMA_SP41_33.475kx12.66ky_8500x8500_2_20170905_26_187_X3Y2_99_a0_full_BaselTMA_SP41_33.475kx12.66ky_8500x8500_2_20170905_26_187_X3Y2_99_a0_full_segmentation_masks.tif
0.8826936242574148,0.4423629001110894,1.4345464421510048,1.5782508630609897,3682,3476,-206,BaselTMA_SP41_33.475kx12.66ky_8500x8500_2_20170905_27_257_X3Y1_28_a0_full_BaselTMA_SP41_33.475kx12.66ky_8500x8500_2_20170905_27_257_X3Y1_28_a0_full_segmentation_masks.tif
0.10636962155723323,0.04602665454331153,0.3793103448275862,0.22429906542056074,58,107,49,BaselTMA_SP41_33.475kx12.66ky_8500x8500_2_20170905_33_61_X4Y4_215_a0_full_BaselTMA_SP41_33.475kx12.66ky_8500x8500_2_20170905_33_61_X4Y4_215_a0_full_segmentation_masks.tif
0.7266641058003622,0.40015366884364195,0.11494252873563218,0.23893805309734514,87,113,26,BaselTMA_SP41_33.475kx12.66ky_8500x8500_2_20170905_34_45_X4Y3_173_a0_full_BaselTMA_SP41_33.475kx12.66ky_8500x8500_2_20170905_34_45_X4Y3_173_a0_full_segmentation_masks.tif
0.06588801099278599,0.01580765607007014,0.12903225806451613,0.23333333333333334,62,60,-2,BaselTMA_SP41_33.475kx12.66ky_8500x8500_2_20170905_35_187_X4Y2_112_a0_full_BaselTMA_SP41_33.475kx12.66ky_8500x8500_2_20170905_35_187_X4Y2_112_a0_full_segmentation_masks.tif
0.9166511726463198,0.16676442856554208,1.8175908998578103,2.8201814682430575,4923,3637,-1286,BaselTMA_SP41_33.475kx12.66ky_8500x8500_2_20170905_42_186_X5Y4_221_a0_full_BaselTMA_SP41_33.475kx12.66ky_8500x8500_2_20170905_42_186_X5Y4_221_a0_full_segmentation_masks.tif
0.7779654751024349,0.3465435525856377,0.7699115044247787,1.2409420289855073,2147,1656,-491,BaselTMA_SP41_33.475kx12.66ky_8500x8500_2_20170905_43_69_X5Y3_183_a0_full_BaselTMA_SP41_33.475kx12.66ky_8500x8500_2_20170905_43_69_X5Y3_183_a0_full_segmentation_masks.tif
0.7152688348439487,0.33368218001217925,0.5305646290247317,0.9509993552546744,2143,1551,-592,BaselTMA_SP41_33.475kx12.66ky_8500x8500_2_20170905_44_24_X5Y2_124_a0_full_BaselTMA_SP41_33.475kx12.66ky_8500x8500_2_20170905_44_24_X5Y2_124_a0_full_segmentation_masks.tif
0.8351174184499401,0.34905030233082723,0.8567335243553008,1.3789400762036716,3839,2887,-952,BaselTMA_SP41_33.475kx12.66ky_8500x8500_2_20170905_45_7_X5Y1_56_a0_full_BaselTMA_SP41_33.475kx12.66ky_8500x8500_2_20170905_45_7_X5Y1_56_a0_full_segmentation_masks.tif
0.8854203848525165,0.36363938065334506,1.2763358778625955,1.7583230579531444,1965,1622,-343,BaselTMA_SP41_33.475kx12.66ky_8500x8500_2_20170905_51_186_X6Y4_227_a0_full_BaselTMA_SP41_33.475kx12.66ky_8500x8500_2_20170905_51_186_X6Y4_227_a0_full_segmentation_masks.tif
0.8877663103174517,0.3945950864882218,1.2746823069403714,1.7054714784633294,2046,1718,-328,BaselTMA_SP41_33.475kx12.66ky_8500x8500_2_20170905_67_104_X8Y4_233_a0_full_BaselTMA_SP41_33.475kx12.66ky_8500x8500_2_20170905_67_104_X8Y4_233_a0_full_segmentation_masks.tif
0.80653698102832,0.4737002051308025,0.3271604938271605,0.5467128027681661,324,289,-35,BaselTMA_SP41_33.475kx12.66ky_8500x8500_2_20170905_6_263_X1Y4_191_a0_full_BaselTMA_SP41_33.475kx12.66ky_8500x8500_2_20170905_6_263_X1Y4_191_a0_full_segmentation_masks.tif
0.8624985328064478,0.331988785007765,0.8023255813953488,1.4770642201834863,2580,1853,-727,BaselTMA_SP41_33.475kx12.66ky_8500x8500_2_20170905_75_218_X9Y4_240_a0_full_BaselTMA_SP41_33.475kx12.66ky_8500x8500_2_20170905_75_218_X9Y4_240_a0_full_segmentation_masks.tif
0.7466172465874925,0.304735073261089,0.5514586709886548,1.238938053097345,2468,1469,-999,BaselTMA_SP41_33.475kx12.66ky_8500x8500_2_20170905_83_218_X10Y4_244_a0_full_BaselTMA_SP41_33.475kx12.66ky_8500x8500_2_20170905_83_218_X10Y4_244_a0_full_segmentation_masks.tif
0.8167428916377626,0.2878534326682602,1.2030097373856594,1.8038314176245211,3389,2610,-779,BaselTMA_SP41_33.475kx12.66ky_8500x8500_2_20170905_8_206_X1Y2_70_a0_full_BaselTMA_SP41_33.475kx12.66ky_8500x8500_2_20170905_8_206_X1Y2_70_a0_full_segmentation_masks.tif
0.9014462107767247,0.21351146320725417,1.472568578553616,2.3365330321852062,2406,1771,-635,BaselTMA_SP41_33.475kx12.66ky_8500x8500_2_20170912_7_282_X1Y3_258_a0_full_BaselTMA_SP41_33.475kx12.66ky_8500x8500_2_20170912_7_282_X1Y3_258_a0_full_segmentation_masks.tif
0.8658717359787584,0.3516670428086245,0.8768601190476191,1.4378060724779629,2688,2042,-646,BaselTMA_SP41_33.475kx17.665ky_8500x5000_13_20170905_11_2_X2Y8_159_a0_full_BaselTMA_SP41_33.475kx17.665ky_8500x5000_13_20170905_11_2_X2Y8_159_a0_full_segmentation_masks.tif
0.7998529134077379,0.31002257559700347,0.9397552557263884,1.601052170100833,3187,2281,-906,BaselTMA_SP41_33.475kx17.665ky_8500x5000_13_20170905_12_44_X2Y7_95_a0_full_BaselTMA_SP41_33.475kx17.665ky_8500x5000_13_20170905_12_44_X2Y7_95_a0_full_segmentation_masks.tif
0.8215424102979536,0.3647232691021822,0.8125493291239148,1.2791878172588833,2534,1970,-564,BaselTMA_SP41_33.475kx17.665ky_8500x5000_13_20170905_13_283_X2Y6_24_a0_full_BaselTMA_SP41_33.475kx17.665ky_8500x5000_13_20170905_13_283_X2Y6_24_a0_full_segmentation_masks.tif
0.7847982905814065,0.42504785676750995,0.7317955676164631,0.9914484233030465,2211,1871,-340,BaselTMA_SP41_33.475kx17.665ky_8500x5000_13_20170905_20_134_X3Y8_171_a0_full_BaselTMA_SP41_33.475kx17.665ky_8500x5000_13_20170905_20_134_X3Y8_171_a0_full_segmentation_masks.tif
0.8069743617950181,0.4150467962562995,0.9529190207156308,1.1964664310954063,1593,1415,-178,BaselTMA_SP41_33.475kx17.665ky_8500x5000_13_20170905_21_224_X3Y7_110_a0_full_BaselTMA_SP41_33.475kx17.665ky_8500x5000_13_20170905_21_224_X3Y7_110_a0_full_segmentation_masks.tif
0.9125453763416757,0.2084972875593452,1.578896651409299,2.6983514556296035,4151,2851,-1300,BaselTMA_SP41_33.475kx17.665ky_8500x5000_13_20170905_22_133_X3Y6_38_a0_full_BaselTMA_SP41_33.475kx17.665ky_8500x5000_13_20170905_22_133_X3Y6_38_a0_full_segmentation_masks.tif
0.8653757298273617,0.3926905245916024,1.0202881505439576,1.4566160520607376,3401,2766,-635,BaselTMA_SP41_33.475kx17.665ky_8500x5000_13_20170905_2_14_X1Y8_146_a0_full_BaselTMA_SP41_33.475kx17.665ky_8500x5000_13_20170905_2_14_X1Y8_146_a0_full_segmentation_masks.tif
0.8461646660808917,0.34519152324129865,1.0103648424543947,1.6300386526780783,2412,1811,-601,BaselTMA_SP41_33.475kx17.665ky_8500x5000_13_20170905_30_38_X4Y7_122_a0_full_BaselTMA_SP41_33.475kx17.665ky_8500x5000_13_20170905_30_38_X4Y7_122_a0_full_segmentation_masks.tif
0.8632995795029735,0.3137363086480301,1.0385288966725044,1.707891637220259,2284,1698,-586,BaselTMA_SP41_33.475kx17.665ky_8500x5000_13_20170905_31_211_X4Y6_52_a0_full_BaselTMA_SP41_33.475kx17.665ky_8500x5000_13_20170905_31_211_X4Y6_52_a0_full_segmentation_masks.tif
0.8284990213045,0.31617336906793686,1.0225486846600615,1.6768172888015718,2927,2036,-891,BaselTMA_SP41_33.475kx17.665ky_8500x5000_13_20170905_38_112_X5Y8_181_a0_full_BaselTMA_SP41_33.475kx17.665ky_8500x5000_13_20170905_38_112_X5Y8_181_a0_full_segmentation_masks.tif
0.4586650696681284,0.1489898746306282,0.6896551724137931,1.4403973509933774,1392,906,-486,BaselTMA_SP41_33.475kx17.665ky_8500x5000_13_20170905_39_196_X5Y7_134_a0_full_BaselTMA_SP41_33.475kx17.665ky_8500x5000_13_20170905_39_196_X5Y7_134_a0_full_segmentation_masks.tif
0.8643395711713677,0.3442098284480533,1.070919175911252,1.622651091924835,2524,1969,-555,BaselTMA_SP41_33.475kx17.665ky_8500x5000_13_20170905_3_39_X1Y7_81_a0_full_BaselTMA_SP41_33.475kx17.665ky_8500x5000_13_20170905_3_39_X1Y7_81_a0_full_segmentation_masks.tif
0.7255485162684631,0.3232887456301022,0.4847775175644028,0.8517940717628705,1708,1282,-426,BaselTMA_SP41_33.475kx17.665ky_8500x5000_13_20170905_40_165_X5Y6_66_a0_full_BaselTMA_SP41_33.475kx17.665ky_8500x5000_13_20170905_40_165_X5Y6_66_a0_full_segmentation_masks.tif
0.7991016150243067,0.23716711271004257,0.6746490503715937,1.6212624584717608,2422,1505,-917,BaselTMA_SP41_33.475kx17.665ky_8500x5000_13_20170905_4_216_X1Y6_12_a0_full_BaselTMA_SP41_33.475kx17.665ky_8500x5000_13_20170905_4_216_X1Y6_12_a0_full_segmentation_masks.tif
0.747948377138447,0.34265549082368113,0.6491952125464301,1.032725321888412,2423,1864,-559,BaselTMA_SP41_331.8kx19.665ky_10000x2000_15_20170905_10_106_X2Y9_40_a0_full_BaselTMA_SP41_331.8kx19.665ky_10000x2000_15_20170905_10_106_X2Y9_40_a0_full_segmentation_masks.tif
0.7487806939179564,0.38816688033650903,0.4787430683918669,0.7780373831775701,2164,1712,-452,BaselTMA_SP41_331.8kx19.665ky_10000x2000_15_20170905_19_249_X3Y9_54_a0_full_BaselTMA_SP41_331.8kx19.665ky_10000x2000_15_20170905_19_249_X3Y9_54_a0_full_segmentation_masks.tif
0.7472601059492001,0.37924822481013587,0.46391284611892875,0.8440251572327044,2203,1590,-613,BaselTMA_SP41_331.8kx19.665ky_10000x2000_15_20170905_1_212_X1Y9_26_a0_full_BaselTMA_SP41_331.8kx19.665ky_10000x2000_15_20170905_1_212_X1Y9_26_a0_full_segmentation_masks.tif
0.8932348375131542,0.34127343205468397,1.6434782608695653,2.051718153418952,3335,2881,-454,BaselTMA_SP41_331.8kx19.665ky_10000x2000_15_20170905_28_63_X4Y9_68_a0_full_BaselTMA_SP41_331.8kx19.665ky_10000x2000_15_20170905_28_63_X4Y9_68_a0_full_segmentation_masks.tif
0.8109721313148903,0.424267045260169,0.5576152304609219,0.8917079207920792,1996,1616,-380,BaselTMA_SP41_331.8kx19.665ky_10000x2000_15_20170905_37_8_X5Y9_83_a0_full_BaselTMA_SP41_331.8kx19.665ky_10000x2000_15_20170905_37_8_X5Y9_83_a0_full_segmentation_masks.tif
0.9104798481978754,0.3121946509163059,1.54582560296846,2.1395563770794825,2695,2164,-531,BaselTMA_SP41_331.8kx19.665ky_10000x2000_15_20170905_46_9_X6Y9_97_a0_full_BaselTMA_SP41_331.8kx19.665ky_10000x2000_15_20170905_46_9_X6Y9_97_a0_full_segmentation_masks.tif
0.910020800810269,0.16342981796225828,1.285576552256074,2.676095741373951,5186,3217,-1969,BaselTMA_SP42_19.78kx19.035ky_6500x7000_13_20179015_103_179_X13Y8_114_a0_full_BaselTMA_SP42_19.78kx19.035ky_6500x7000_13_20179015_103_179_X13Y8_114_a0_full_segmentation_masks.tif
0.8724917445006112,0.3967196486513757,0.9420142421159715,1.4244372990353698,1966,1555,-411,BaselTMA_SP42_19.78kx19.035ky_6500x7000_13_20179015_104_178_X13Y7_89_a0_full_BaselTMA_SP42_19.78kx19.035ky_6500x7000_13_20179015_104_178_X13Y7_89_a0_full_segmentation_masks.tif
0.7818280357470855,0.37770981014536675,0.6811475409836065,1.1872532430908065,2440,1773,-667,BaselTMA_SP42_19.78kx19.035ky_6500x7000_13_20179015_105_76_X13Y6_44_a0_full_BaselTMA_SP42_19.78kx19.035ky_6500x7000_13_20179015_105_76_X13Y6_44_a0_full_segmentation_masks.tif
0.8045734575283926,0.2757083803081548,1.1382594417077176,1.7760736196319018,3045,2282,-763,BaselTMA_SP42_19.78kx19.035ky_6500x7000_13_20179015_106_160_X13Y5_21_a0_full_BaselTMA_SP42_19.78kx19.035ky_6500x7000_13_20179015_106_160_X13Y5_21_a0_full_segmentation_masks.tif
0.4318159712090264,0.19919517102615694,0.03133903133903134,0.24166666666666667,351,120,-231,BaselTMA_SP42_19.78kx19.035ky_6500x7000_13_20179015_111_167_X14Y8_211_a0_full_BaselTMA_SP42_19.78kx19.035ky_6500x7000_13_20179015_111_167_X14Y8_211_a0_full_segmentation_masks.tif
0.8647397089615894,0.2550307636070982,1.538442336495257,2.2766645119586295,4006,3094,-912,BaselTMA_SP42_19.78kx19.035ky_6500x7000_13_20179015_112_151_X14Y7_187_a0_full_BaselTMA_SP42_19.78kx19.035ky_6500x7000_13_20179015_112_151_X14Y7_187_a0_full_segmentation_masks.tif
0.6090684103439575,0.18510483304014225,1.1398963730569949,1.919602529358627,1544,1107,-437,BaselTMA_SP42_19.78kx19.035ky_6500x7000_13_20179015_113_279_X14Y6_163_a0_full_BaselTMA_SP42_19.78kx19.035ky_6500x7000_13_20179015_113_279_X14Y6_163_a0_full_segmentation_masks.tif
0.8021708130588884,0.2781562441781035,0.7634112792297112,1.5255524861878453,2181,1448,-733,BaselTMA_SP42_19.78kx19.035ky_6500x7000_13_20179015_114_264_X14Y5_138_a0_full_BaselTMA_SP42_19.78kx19.035ky_6500x7000_13_20179015_114_264_X14Y5_138_a0_full_segmentation_masks.tif
0.7658020964672397,0.35483531179013705,0.7314410480349345,1.1498579545454546,1832,1408,-424,BaselTMA_SP42_19.78kx19.035ky_6500x7000_13_20179015_119_208_X15Y7_284_a0_full_BaselTMA_SP42_19.78kx19.035ky_6500x7000_13_20179015_119_208_X15Y7_284_a0_full_segmentation_masks.tif
0.8793052206393915,0.28892874399815427,1.3387609213661635,2.0334378265412747,2518,1914,-604,BaselTMA_SP42_19.78kx19.035ky_6500x7000_13_20179015_120_152_X15Y6_260_a0_full_BaselTMA_SP42_19.78kx19.035ky_6500x7000_13_20179015_120_152_X15Y6_260_a0_full_segmentation_masks.tif
0.7675234863499972,0.31876464185862086,0.9377415199656505,1.372369131138694,2329,1853,-476,BaselTMA_SP42_19.78kx19.035ky_6500x7000_13_20179015_121_175_X15Y5_235_a0_full_BaselTMA_SP42_19.78kx19.035ky_6500x7000_13_20179015_121_175_X15Y5_235_a0_full_segmentation_masks.tif
0.7970681443318075,0.3698132845918536,0.907185628742515,1.2119089316987741,668,571,-97,BaselTMA_SP42_19.78kx19.035ky_6500x7000_13_20179015_121_175_X15Y5_236_a0_full_BaselTMA_SP42_19.78kx19.035ky_6500x7000_13_20179015_121_175_X15Y5_236_a0_full_segmentation_masks.tif
0.8316041836371711,0.3644415597097012,1.045816099268215,1.5481632653061224,3143,2450,-693,BaselTMA_SP42_19.78kx19.035ky_6500x7000_13_20179015_126_162_X16Y7_331_a0_full_BaselTMA_SP42_19.78kx19.035ky_6500x7000_13_20179015_126_162_X16Y7_331_a0_full_segmentation_masks.tif
0.7840929725803523,0.5017725661303518,0.1746031746031746,0.43137254901960786,63,51,-12,BaselTMA_SP42_19.78kx19.035ky_6500x7000_13_20179015_127_146_X16Y6_308_a0_full_BaselTMA_SP42_19.78kx19.035ky_6500x7000_13_20179015_127_146_X16Y6_308_a0_full_segmentation_masks.tif
0.8629091693029646,0.2054361538984536,1.294930875576037,2.3795871559633026,3906,2616,-1290,BaselTMA_SP42_19.8kx12.535ky_7000x6500_7_20179015_107_64_X13Y4_77_a0_full_BaselTMA_SP42_19.8kx12.535ky_7000x6500_7_20179015_107_64_X13Y4_77_a0_full_segmentation_masks.tif
0.772204835342632,0.36170222697293186,0.9781995383431649,1.356046065259117,3899,3126,-773,BaselTMA_SP42_19.8kx12.535ky_7000x6500_7_20179015_108_161_X13Y3_56_a0_full_BaselTMA_SP42_19.8kx12.535ky_7000x6500_7_20179015_108_161_X13Y3_56_a0_full_segmentation_masks.tif
0.8360254598421952,0.32440570219528775,1.3541110121697832,1.8722466960352422,3369,2724,-645,BaselTMA_SP42_19.8kx12.535ky_7000x6500_7_20179015_109_253_X13Y2_33_a0_full_BaselTMA_SP42_19.8kx12.535ky_7000x6500_7_20179015_109_253_X13Y2_33_a0_full_segmentation_masks.tif
0.8843042228964378,0.22317021497501172,1.1584936892199462,2.1158115811581157,4833,3333,-1500,BaselTMA_SP42_19.8kx12.535ky_7000x6500_7_20179015_115_64_X14Y4_151_a0_full_BaselTMA_SP42_19.8kx12.535ky_7000x6500_7_20179015_115_64_X14Y4_151_a0_full_segmentation_masks.tif
0.7839940923985785,0.34849852186089936,0.9294920394238059,1.4457478005865103,1319,1023,-296,BaselTMA_SP42_19.8kx12.535ky_7000x6500_7_20179015_117_253_X14Y2_126_a0_full_BaselTMA_SP42_19.8kx12.535ky_7000x6500_7_20179015_117_253_X14Y2_126_a0_full_segmentation_masks.tif
0.8229339251242609,0.1522119864093313,1.1716085989621943,2.64,2698,1575,-1123,BaselTMA_SP42_19.8kx12.535ky_7000x6500_7_20179015_123_74_X15Y3_223_a0_full_BaselTMA_SP42_19.8kx12.535ky_7000x6500_7_20179015_123_74_X15Y3_223_a0_full_segmentation_masks.tif
0.7389692439425146,0.3510446043885265,0.3478513356562137,0.9336332958380202,1722,889,-833,BaselTMA_SP42_19.8kx12.535ky_7000x6500_7_20179015_124_251_X15Y2_199_a0_full_BaselTMA_SP42_19.8kx12.535ky_7000x6500_7_20179015_124_251_X15Y2_199_a0_full_segmentation_masks.tif
0.7957306992026453,0.47736477921306975,0.3182897862232779,0.5774121166791324,1684,1337,-347,BaselTMA_SP42_19.8kx12.535ky_7000x6500_7_20179015_129_35_X16Y4_319_a0_full_BaselTMA_SP42_19.8kx12.535ky_7000x6500_7_20179015_129_35_X16Y4_319_a0_full_segmentation_masks.tif
0.8189622846316288,0.4693907142650001,0.32421875,0.6119402985074627,256,201,-55,BaselTMA_SP42_19.8kx12.535ky_7000x6500_7_20179015_130_74_X16Y3_296_a0_full_BaselTMA_SP42_19.8kx12.535ky_7000x6500_7_20179015_130_74_X16Y3_296_a0_full_segmentation_masks.tif
0.8402121177930724,0.42636432399375573,0.4610091743119266,0.8394366197183099,436,355,-81,BaselTMA_SP42_19.8kx12.535ky_7000x6500_7_20179015_131_251_X16Y2_272_a0_full_BaselTMA_SP42_19.8kx12.535ky_7000x6500_7_20179015_131_251_X16Y2_272_a0_full_segmentation_masks.tif
0.8348770360907058,0.39527629233511585,0.8581560283687943,1.2066115702479339,141,121,-20,BaselTMA_SP42_20.8kx6.8ky_6500x1500_15_20179015_118_265_X14Y1_101_a0_full_BaselTMA_SP42_20.8kx6.8ky_6500x1500_15_20179015_118_265_X14Y1_101_a0_full_segmentation_masks.tif
0.29836255344573276,0.09729563614013521,0.04093567251461988,0.8813559322033898,342,118,-224,BaselTMA_SP42_20.8kx6.8ky_6500x1500_15_20179015_125_156_X15Y1_175_a0_full_BaselTMA_SP42_20.8kx6.8ky_6500x1500_15_20179015_125_156_X15Y1_175_a0_full_segmentation_masks.tif
0.7298432443597805,0.29872723479090285,0.5823699421965318,1.1372549019607843,692,459,-233,BaselTMA_SP42_20.8kx6.8ky_6500x1500_15_20179015_132_156_X16Y1_248_a0_full_BaselTMA_SP42_20.8kx6.8ky_6500x1500_15_20179015_132_156_X16Y1_248_a0_full_segmentation_masks.tif
0.7131285547418307,0.32164355211185847,0.47934845840605,0.9785775492716366,1719,1167,-552,BaselTMA_SP42_25.78kx19.535ky_7000x7000_12_20179015_71_164_X9Y8_86_a0_full_BaselTMA_SP42_25.78kx19.535ky_7000x7000_12_20179015_71_164_X9Y8_86_a0_full_segmentation_masks.tif
0.8226796485226816,0.42488715530212035,0.98698224852071,1.3300283286118981,2535,2118,-417,BaselTMA_SP42_25.78kx19.535ky_7000x7000_12_20179015_72_223_X9Y7_65_a0_full_BaselTMA_SP42_25.78kx19.535ky_7000x7000_12_20179015_72_223_X9Y7_65_a0_full_segmentation_masks.tif
0.8679166011689555,0.448427318866378,1.528735632183908,1.7551522608428176,3567,3251,-316,BaselTMA_SP42_25.78kx19.535ky_7000x7000_12_20179015_73_174_X9Y6_41_a0_full_BaselTMA_SP42_25.78kx19.535ky_7000x7000_12_20179015_73_174_X9Y6_41_a0_full_segmentation_masks.tif
0.7883335890533246,0.39139463571789,0.702846975088968,1.0802098950524737,1686,1334,-352,BaselTMA_SP42_25.78kx19.535ky_7000x7000_12_20179015_74_190_X9Y5_18_a0_full_BaselTMA_SP42_25.78kx19.535ky_7000x7000_12_20179015_74_190_X9Y5_18_a0_full_segmentation_masks.tif
0.4216426647933497,0.21807647740440325,0.3256880733944954,0.3942307692307692,218,208,-10,BaselTMA_SP42_25.78kx19.535ky_7000x7000_12_20179015_79_262_X10Y8_184_a0_full_BaselTMA_SP42_25.78kx19.535ky_7000x7000_12_20179015_79_262_X10Y8_184_a0_full_segmentation_masks.tif
0.870695160811778,0.30905041417521534,1.0554981041020337,1.7152682255845941,2901,2181,-720,BaselTMA_SP42_25.78kx19.535ky_7000x7000_12_20179015_80_46_X10Y7_160_a0_full_BaselTMA_SP42_25.78kx19.535ky_7000x7000_12_20179015_80_46_X10Y7_160_a0_full_segmentation_masks.tif
0.8162673552809847,0.3272419887804503,0.7073929961089495,1.3821727019498606,2570,1795,-775,BaselTMA_SP42_25.78kx19.535ky_7000x7000_12_20179015_81_109_X10Y6_135_a0_full_BaselTMA_SP42_25.78kx19.535ky_7000x7000_12_20179015_81_109_X10Y6_135_a0_full_segmentation_masks.tif
0.733594458036586,0.3159624292990044,0.5398886827458256,1.0793226381461676,1617,1122,-495,BaselTMA_SP42_25.78kx19.535ky_7000x7000_12_20179015_82_188_X10Y5_110_a0_full_BaselTMA_SP42_25.78kx19.535ky_7000x7000_12_20179015_82_188_X10Y5_110_a0_full_segmentation_masks.tif
0.8184238551650692,0.3730019022742114,0.722318339100346,1.1793721973094171,2312,1784,-528,BaselTMA_SP42_25.78kx19.535ky_7000x7000_12_20179015_87_121_X11Y8_281_a0_full_BaselTMA_SP42_25.78kx19.535ky_7000x7000_12_20179015_87_121_X11Y8_281_a0_full_segmentation_masks.tif
0.8458523312383969,0.36202768992764195,0.7290132547864506,1.2077294685990339,2716,2070,-646,BaselTMA_SP42_25.78kx19.535ky_7000x7000_12_20179015_88_236_X11Y7_257_a0_full_BaselTMA_SP42_25.78kx19.535ky_7000x7000_12_20179015_88_236_X11Y7_257_a0_full_segmentation_masks.tif
0.8026611184539205,0.3785140321550696,0.8392963625521765,1.257066462948816,3354,2618,-736,BaselTMA_SP42_25.78kx19.535ky_7000x7000_12_20179015_89_261_X11Y6_232_a0_full_BaselTMA_SP42_25.78kx19.535ky_7000x7000_12_20179015_89_261_X11Y6_232_a0_full_segmentation_masks.tif
0.7878781135903014,0.39280982450703134,0.9506172839506173,1.3228809407153357,2511,2041,-470,BaselTMA_SP42_25.78kx19.535ky_7000x7000_12_20179015_90_98_X11Y5_208_a0_full_BaselTMA_SP42_25.78kx19.535ky_7000x7000_12_20179015_90_98_X11Y5_208_a0_full_segmentation_masks.tif
0.7845283545363453,0.4172771151478109,0.6286644951140065,0.9308943089430894,921,738,-183,BaselTMA_SP42_25.78kx19.535ky_7000x7000_12_20179015_95_12_X12Y8_358_a0_full_BaselTMA_SP42_25.78kx19.535ky_7000x7000_12_20179015_95_12_X12Y8_358_a0_full_segmentation_masks.tif
0.8258987774664944,0.36982292588471344,1.0317404952912452,1.4801569995638901,2867,2293,-574,BaselTMA_SP42_25.78kx19.535ky_7000x7000_12_20179015_96_73_X12Y7_346_a0_full_BaselTMA_SP42_25.78kx19.535ky_7000x7000_12_20179015_96_73_X12Y7_346_a0_full_segmentation_masks.tif
0.7733691275167786,0.30345932856972896,0.2514427040395713,0.9899135446685879,1213,694,-519,BaselTMA_SP42_25.78kx19.535ky_7000x7000_12_20179015_97_158_X12Y6_328_a0_full_BaselTMA_SP42_25.78kx19.535ky_7000x7000_12_20179015_97_158_X12Y6_328_a0_full_segmentation_masks.tif
0.7979575558077091,0.3649935209158128,0.8465890183028286,1.2941176470588236,3005,2329,-676,BaselTMA_SP42_25.78kx19.535ky_7000x7000_12_20179015_98_54_X12Y5_305_a0_full_BaselTMA_SP42_25.78kx19.535ky_7000x7000_12_20179015_98_54_X12Y5_305_a0_full_segmentation_masks.tif
0.7271387535906082,0.30933887135545274,0.367595818815331,1.058641975308642,574,324,-250,BaselTMA_SP42_26.8kx12.885ky_7000x7000_6_20179015_100_91_X12Y3_337_a0_full_BaselTMA_SP42_26.8kx12.885ky_7000x7000_6_20179015_100_91_X12Y3_337_a0_full_segmentation_masks.tif
0.811076590831853,0.3694284544902432,1.0863309352517985,1.5540254237288136,2363,1888,-475,BaselTMA_SP42_26.8kx12.885ky_7000x7000_6_20179015_101_28_X12Y2_316_a0_full_BaselTMA_SP42_26.8kx12.885ky_7000x7000_6_20179015_101_28_X12Y2_316_a0_full_segmentation_masks.tif
0.6785633611926812,0.3741334712881531,0.1044776119402985,0.29310344827586204,67,58,-9,BaselTMA_SP42_26.8kx12.885ky_7000x7000_6_20179015_102_6_X12Y1_293_a0_full_BaselTMA_SP42_26.8kx12.885ky_7000x7000_6_20179015_102_6_X12Y1_293_a0_full_segmentation_masks.tif
0.7687266383124896,0.3889000489648332,0.5240863787375415,0.8333333333333334,1204,960,-244,BaselTMA_SP42_26.8kx12.885ky_7000x7000_6_20179015_76_96_X9Y3_53_a0_full_BaselTMA_SP42_26.8kx12.885ky_7000x7000_6_20179015_76_96_X9Y3_53_a0_full_segmentation_masks.tif
0.8087880709076114,0.2922218459206219,1.0531113753468093,1.715059588299025,2523,1846,-677,BaselTMA_SP42_26.8kx12.885ky_7000x7000_6_20179015_77_240_X9Y2_30_a0_full_BaselTMA_SP42_26.8kx12.885ky_7000x7000_6_20179015_77_240_X9Y2_30_a0_full_segmentation_masks.tif
0.7951829477405229,0.5078960976968058,0.19642857142857142,0.42394822006472493,392,309,-83,BaselTMA_SP42_26.8kx12.885ky_7000x7000_6_20179015_78_105_X9Y1_9_a0_full_BaselTMA_SP42_26.8kx12.885ky_7000x7000_6_20179015_78_105_X9Y1_9_a0_full_segmentation_masks.tif
0.8083259350239305,0.328238217359598,0.889937106918239,1.3751507840772015,3180,2487,-693,BaselTMA_SP42_26.8kx12.885ky_7000x7000_6_20179015_78_136_X9Y4_74_a0_full_BaselTMA_SP42_26.8kx12.885ky_7000x7000_6_20179015_78_136_X9Y4_74_a0_full_segmentation_masks.tif
0.8568987412691891,0.30964944999174526,0.875,1.654970760233918,968,684,-284,BaselTMA_SP42_26.8kx12.885ky_7000x7000_6_20179015_83_136_X10Y4_172_a0_full_BaselTMA_SP42_26.8kx12.885ky_7000x7000_6_20179015_83_136_X10Y4_172_a0_full_segmentation_masks.tif
0.8413780691249663,0.32107029528225106,0.7985714285714286,1.2867783985102421,700,537,-163,BaselTMA_SP42_26.8kx12.885ky_7000x7000_6_20179015_84_96_X10Y3_148_a0_full_BaselTMA_SP42_26.8kx12.885ky_7000x7000_6_20179015_84_96_X10Y3_148_a0_full_segmentation_masks.tif
0.8073660638550538,0.4065572205784099,0.6592356687898089,1.106694560669456,628,478,-150,BaselTMA_SP42_26.8kx12.885ky_7000x7000_6_20179015_85_240_X10Y2_123_a0_full_BaselTMA_SP42_26.8kx12.885ky_7000x7000_6_20179015_85_240_X10Y2_123_a0_full_segmentation_masks.tif
0.7257321887866888,0.31783626954568917,0.6840490797546013,1.1805845511482256,1304,958,-346,BaselTMA_SP42_26.8kx12.885ky_7000x7000_6_20179015_86_105_X10Y1_98_a0_full_BaselTMA_SP42_26.8kx12.885ky_7000x7000_6_20179015_86_105_X10Y1_98_a0_full_segmentation_masks.tif
0.8860499658145182,0.22882223423980222,1.477364970340306,2.324015247776366,3203,2361,-842,BaselTMA_SP42_26.8kx12.885ky_7000x7000_6_20179015_91_81_X11Y4_269_a0_full_BaselTMA_SP42_26.8kx12.885ky_7000x7000_6_20179015_91_81_X11Y4_269_a0_full_segmentation_masks.tif
0.8206954418621588,0.29363236480478616,1.292462065589819,1.9339378238341969,4086,3088,-998,BaselTMA_SP42_26.8kx12.885ky_7000x7000_6_20179015_92_91_X11Y3_245_a0_full_BaselTMA_SP42_26.8kx12.885ky_7000x7000_6_20179015_92_91_X11Y3_245_a0_full_segmentation_masks.tif
0.7691780410776144,0.296798413017276,0.90446735395189,1.5014124293785311,2910,2124,-786,BaselTMA_SP42_26.8kx12.885ky_7000x7000_6_20179015_93_28_X11Y2_220_a0_full_BaselTMA_SP42_26.8kx12.885ky_7000x7000_6_20179015_93_28_X11Y2_220_a0_full_segmentation_masks.tif
0.7787598129020784,0.3018407523234491,0.9536842105263158,1.5106382978723405,1900,1410,-490,BaselTMA_SP42_26.8kx12.885ky_7000x7000_6_20179015_94_6_X11Y1_196_a0_full_BaselTMA_SP42_26.8kx12.885ky_7000x7000_6_20179015_94_6_X11Y1_196_a0_full_segmentation_masks.tif
0.8181171385230827,0.39334312194300786,0.6413043478260869,0.9917218543046358,736,604,-132,BaselTMA_SP42_26.8kx12.885ky_7000x7000_6_20179015_99_81_X12Y4_349_a0_full_BaselTMA_SP42_26.8kx12.885ky_7000x7000_6_20179015_99_81_X12Y4_349_a0_full_segmentation_masks.tif
0.7627714394432872,0.3594343179287549,0.9710444674250258,1.4079754601226995,2901,2282,-619,BaselTMA_SP42_32.435kx20.41ky_7000x7000_11_20179015_38_13_X5Y8_83_a0_full_BaselTMA_SP42_32.435kx20.41ky_7000x7000_11_20179015_38_13_X5Y8_83_a0_full_segmentation_masks.tif
0.7584255010186027,0.34237644186640676,0.4966198647945918,1.0442546583850931,1923,1288,-635,BaselTMA_SP42_32.435kx20.41ky_7000x7000_11_20179015_39_99_X5Y7_62_a0_full_BaselTMA_SP42_32.435kx20.41ky_7000x7000_11_20179015_39_99_X5Y7_62_a0_full_segmentation_masks.tif
0.8003195173324765,0.4040293602583903,0.7639135058489898,1.1423439604849572,2821,2227,-594,BaselTMA_SP42_32.435kx20.41ky_7000x7000_11_20179015_40_148_X5Y6_38_a0_full_BaselTMA_SP42_32.435kx20.41ky_7000x7000_11_20179015_40_148_X5Y6_38_a0_full_segmentation_masks.tif
0.8785392808520862,0.26143800093342573,1.4009190120620334,2.044574351479722,3482,2737,-745,BaselTMA_SP42_32.435kx20.41ky_7000x7000_11_20179015_41_189_X5Y5_15_a0_full_BaselTMA_SP42_32.435kx20.41ky_7000x7000_11_20179015_41_189_X5Y5_15_a0_full_segmentation_masks.tif
0.8852293131753853,0.28082232963332876,1.2755707762557078,1.9316642120765832,4380,3395,-985,BaselTMA_SP42_32.435kx20.41ky_7000x7000_11_20179015_47_184_X6Y8_181_a0_full_BaselTMA_SP42_32.435kx20.41ky_7000x7000_11_20179015_47_184_X6Y8_181_a0_full_segmentation_masks.tif
0.734935615960047,0.3448545733963231,0.5299442896935933,0.980722891566265,2872,2075,-797,BaselTMA_SP42_32.435kx20.41ky_7000x7000_11_20179015_48_273_X6Y7_157_a0_full_BaselTMA_SP42_32.435kx20.41ky_7000x7000_11_20179015_48_273_X6Y7_157_a0_full_segmentation_masks.tif
0.8938734208721186,0.17877263757182027,1.299931833674165,2.596359743040685,2934,1868,-1066,BaselTMA_SP42_32.435kx20.41ky_7000x7000_11_20179015_49_27_X6Y6_132_a0_full_BaselTMA_SP42_32.435kx20.41ky_7000x7000_11_20179015_49_27_X6Y6_132_a0_full_segmentation_masks.tif
0.7801703647553094,0.31680969762592576,1.1726907630522088,1.6523687580025608,1992,1562,-430,BaselTMA_SP42_32.435kx20.41ky_7000x7000_11_20179015_50_181_X6Y5_107_a0_full_BaselTMA_SP42_32.435kx20.41ky_7000x7000_11_20179015_50_181_X6Y5_107_a0_full_segmentation_masks.tif
0.8797942908250727,0.4231346085716892,1.1350210970464134,1.622958693563881,2607,2082,-525,BaselTMA_SP42_32.435kx20.41ky_7000x7000_11_20179015_55_198_X7Y8_278_a0_full_BaselTMA_SP42_32.435kx20.41ky_7000x7000_11_20179015_55_198_X7Y8_278_a0_full_segmentation_masks.tif
0.8418626307648618,0.3519865445856769,1.2501411631846415,1.6908097027673386,3542,2927,-615,BaselTMA_SP42_32.435kx20.41ky_7000x7000_11_20179015_56_285_X7Y7_254_a0_full_BaselTMA_SP42_32.435kx20.41ky_7000x7000_11_20179015_56_285_X7Y7_254_a0_full_segmentation_masks.tif
0.823122060614121,0.36876745864850446,0.9380385720147723,1.4129639309984319,2437,1913,-524,BaselTMA_SP42_32.435kx20.41ky_7000x7000_11_20179015_57_232_X7Y6_229_a0_full_BaselTMA_SP42_32.435kx20.41ky_7000x7000_11_20179015_57_232_X7Y6_229_a0_full_segmentation_masks.tif
0.8556869517793029,0.3857678374388456,0.9913473423980222,1.4351184346035015,2427,1942,-485,BaselTMA_SP42_32.435kx20.41ky_7000x7000_11_20179015_58_185_X7Y5_205_a0_full_BaselTMA_SP42_32.435kx20.41ky_7000x7000_11_20179015_58_185_X7Y5_205_a0_full_segmentation_masks.tif
0.803938869281481,0.3449464869463974,0.805668016194332,1.2661870503597121,1976,1529,-447,BaselTMA_SP42_32.435kx20.41ky_7000x7000_11_20179015_63_71_X8Y8_355_a0_full_BaselTMA_SP42_32.435kx20.41ky_7000x7000_11_20179015_63_71_X8Y8_355_a0_full_segmentation_masks.tif
0.7575946553200631,0.3626224842447652,0.5602687946241075,0.9411104879416713,2381,1783,-598,BaselTMA_SP42_32.435kx20.41ky_7000x7000_11_20179015_64_5_X8Y7_343_a0_full_BaselTMA_SP42_32.435kx20.41ky_7000x7000_11_20179015_64_5_X8Y7_343_a0_full_segmentation_masks.tif
0.7614369245883975,0.3864794797433869,0.393048128342246,0.6655948553054662,374,311,-63,BaselTMA_SP42_32.435kx20.41ky_7000x7000_11_20179015_65_123_X8Y6_325_a0_full_BaselTMA_SP42_32.435kx20.41ky_7000x7000_11_20179015_65_123_X8Y6_325_a0_full_segmentation_masks.tif
0.9071298004232397,0.24738448879116015,1.517801590044936,2.321004566210046,2893,2190,-703,BaselTMA_SP42_32.435kx20.41ky_7000x7000_11_20179015_66_192_X8Y5_302_a0_full_BaselTMA_SP42_32.435kx20.41ky_7000x7000_11_20179015_66_192_X8Y5_302_a0_full_segmentation_masks.tif
0.795542432954199,0.4173373091845552,0.713970182219768,1.003968253968254,1811,1512,-299,BaselTMA_SP42_32.8kx13.885ky_7000x8000_5_20179015_42_275_X5Y4_71_a0_full_BaselTMA_SP42_32.8kx13.885ky_7000x8000_5_20179015_42_275_X5Y4_71_a0_full_segmentation_masks.tif
0.8218251695924511,0.3827470544373496,0.73296738779464,1.158067158067158,3097,2442,-655,BaselTMA_SP42_32.8kx13.885ky_7000x8000_5_20179015_43_70_X5Y3_50_a0_full_BaselTMA_SP42_32.8kx13.885ky_7000x8000_5_20179015_43_70_X5Y3_50_a0_full_segmentation_masks.tif
0.7899275409484976,0.3119418443858016,0.8913312693498452,1.5029812606473594,3230,2348,-882,BaselTMA_SP42_32.8kx13.885ky_7000x8000_5_20179015_44_120_X5Y2_27_a0_full_BaselTMA_SP42_32.8kx13.885ky_7000x8000_5_20179015_44_120_X5Y2_27_a0_full_segmentation_masks.tif
0.8266215352406938,0.3315301368963124,1.0593627237014405,1.551054384017758,2291,1802,-489,BaselTMA_SP42_32.8kx13.885ky_7000x8000_5_20179015_45_36_X5Y1_6_a0_full_BaselTMA_SP42_32.8kx13.885ky_7000x8000_5_20179015_45_36_X5Y1_6_a0_full_segmentation_masks.tif
0.6898789467115937,0.30909982029080213,0.07547169811320754,0.5142857142857142,53,35,-18,BaselTMA_SP42_32.8kx13.885ky_7000x8000_5_20179015_51_275_X6Y4_169_a0_full_BaselTMA_SP42_32.8kx13.885ky_7000x8000_5_20179015_51_275_X6Y4_169_a0_full_segmentation_masks.tif
0.7128949615713066,0.41864879053426485,0.32085561497326204,0.5724137931034483,187,145,-42,BaselTMA_SP42_32.8kx13.885ky_7000x8000_5_20179015_52_70_X6Y3_145_a0_full_BaselTMA_SP42_32.8kx13.885ky_7000x8000_5_20179015_52_70_X6Y3_145_a0_full_segmentation_masks.tif
0.7998632402297006,0.45216430916386335,0.7881040892193308,1.0743440233236152,807,686,-121,BaselTMA_SP42_32.8kx13.885ky_7000x8000_5_20179015_53_120_X6Y2_120_a0_full_BaselTMA_SP42_32.8kx13.885ky_7000x8000_5_20179015_53_120_X6Y2_120_a0_full_segmentation_masks.tif
0.757682443460014,0.31734136003440017,0.7638888888888888,1.2453703703703705,576,432,-144,BaselTMA_SP42_32.8kx13.885ky_7000x8000_5_20179015_54_36_X6Y1_95_a0_full_BaselTMA_SP42_32.8kx13.885ky_7000x8000_5_20179015_54_36_X6Y1_95_a0_full_segmentation_masks.tif
0.8152231083363622,0.4505874179661816,0.7204385277995301,0.9981481481481481,1277,1080,-197,BaselTMA_SP42_32.8kx13.885ky_7000x8000_5_20179015_59_154_X7Y4_242_a0_full_BaselTMA_SP42_32.8kx13.885ky_7000x8000_5_20179015_59_154_X7Y4_242_a0_full_segmentation_masks.tif
0.809820984457287,0.32397550444015966,0.8044747081712063,1.4133333333333333,1028,750,-278,BaselTMA_SP42_32.8kx13.885ky_7000x8000_5_20179015_61_29_X7Y2_217_a0_full_BaselTMA_SP42_32.8kx13.885ky_7000x8000_5_20179015_61_29_X7Y2_217_a0_full_segmentation_masks.tif
0.7270623601033748,0.4007724931838837,0.5504587155963303,0.8602383531960996,1199,923,-276,BaselTMA_SP42_32.8kx13.885ky_7000x8000_5_20179015_62_84_X7Y1_193_a0_full_BaselTMA_SP42_32.8kx13.885ky_7000x8000_5_20179015_62_84_X7Y1_193_a0_full_segmentation_masks.tif
0.8120828734601966,0.4270115428523107,0.5209302325581395,0.914,645,500,-145,BaselTMA_SP42_32.8kx13.885ky_7000x8000_5_20179015_67_154_X8Y4_313_a0_full_BaselTMA_SP42_32.8kx13.885ky_7000x8000_5_20179015_67_154_X8Y4_313_a0_full_segmentation_masks.tif
0.8169262415515721,0.49498222155104954,0.33,0.5714285714285714,400,336,-64,BaselTMA_SP42_32.8kx13.885ky_7000x8000_5_20179015_68_30_X8Y3_290_a0_full_BaselTMA_SP42_32.8kx13.885ky_7000x8000_5_20179015_68_30_X8Y3_290_a0_full_segmentation_masks.tif
0.40626663272626296,0.22397360184673776,0.11707317073170732,0.18686868686868688,205,198,-7,BaselTMA_SP42_32.8kx13.885ky_7000x8000_5_20179015_70_84_X8Y1_266_a0_full_BaselTMA_SP42_32.8kx13.885ky_7000x8000_5_20179015_70_84_X8Y1_266_a0_full_segmentation_masks.tif
0.7377779746120673,0.33627015830744195,0.8296178343949044,1.3070929607737776,5024,3722,-1302,BaselTMA_SP42_39.025kx22410ky_7000x8500_8_20179015_10_82_X2Y9_226_a0_full_BaselTMA_SP42_39.025kx22410ky_7000x8500_8_20179015_10_82_X2Y9_226_a0_full_segmentation_masks.tif
0.9171819578494029,0.08830700209845872,1.3396639883126369,3.3206477732793522,6845,3705,-3140,BaselTMA_SP42_39.025kx22410ky_7000x8500_8_20179015_11_127_X2Y8_202_a0_full_BaselTMA_SP42_39.025kx22410ky_7000x8500_8_20179015_11_127_X2Y8_202_a0_full_segmentation_masks.tif
0.713479777912662,0.23846132561013852,0.7895290712970271,1.6528084918177797,3801,2261,-1540,BaselTMA_SP42_39.025kx22410ky_7000x8500_8_20179015_12_171_X2Y7_178_a0_full_BaselTMA_SP42_39.025kx22410ky_7000x8500_8_20179015_12_171_X2Y7_178_a0_full_segmentation_masks.tif
0.8540894561093013,0.41136508012609224,0.9837631327602674,1.3377760853008378,3141,2626,-515,BaselTMA_SP42_39.025kx22410ky_7000x8500_8_20179015_13_56_X2Y6_154_a0_full_BaselTMA_SP42_39.025kx22410ky_7000x8500_8_20179015_13_56_X2Y6_154_a0_full_segmentation_masks.tif
0.806622795951541,0.4051674285199511,0.8273828003725551,1.1575133485888636,3221,2622,-599,BaselTMA_SP42_39.025kx22410ky_7000x8500_8_20179015_14_113_X2Y5_129_a0_full_BaselTMA_SP42_39.025kx22410ky_7000x8500_8_20179015_14_113_X2Y5_129_a0_full_segmentation_masks.tif
0.9029323948458875,0.20828743756918658,1.2833333333333334,2.3113907712165216,4500,3099,-1401,BaselTMA_SP42_39.025kx22410ky_7000x8500_8_20179015_19_59_X3Y9_340_a0_full_BaselTMA_SP42_39.025kx22410ky_7000x8500_8_20179015_19_59_X3Y9_340_a0_full_segmentation_masks.tif
0.8019976324356318,0.3693976041958656,0.7111524163568773,1.0529002320185614,2690,2155,-535,BaselTMA_SP42_39.025kx22410ky_7000x8500_8_20179015_1_163_X1Y9_104_a0_full_BaselTMA_SP42_39.025kx22410ky_7000x8500_8_20179015_1_163_X1Y9_104_a0_full_segmentation_masks.tif
0.841804159782993,0.28786284525028977,1.3227206946454413,1.9210919970082274,3455,2674,-781,BaselTMA_SP42_39.025kx22410ky_7000x8500_8_20179015_20_169_X3Y8_322_a0_full_BaselTMA_SP42_39.025kx22410ky_7000x8500_8_20179015_20_169_X3Y8_322_a0_full_segmentation_masks.tif
0.9045380389710378,0.22580762630469714,1.0901656531767667,2.147820593809223,4769,3166,-1603,BaselTMA_SP42_39.025kx22410ky_7000x8500_8_20179015_21_176_X3Y7_299_a0_full_BaselTMA_SP42_39.025kx22410ky_7000x8500_8_20179015_21_176_X3Y7_299_a0_full_segmentation_masks.tif
0.8099927975463102,0.3840820502098299,0.8121645796064401,1.3119103773584906,2236,1696,-540,BaselTMA_SP42_39.025kx22410ky_7000x8500_8_20179015_22_183_X3Y6_275_a0_full_BaselTMA_SP42_39.025kx22410ky_7000x8500_8_20179015_22_183_X3Y6_275_a0_full_segmentation_masks.tif
0.8044481672163207,0.3482126192788106,0.7711953659820958,1.251644167532018,3798,2889,-909,BaselTMA_SP42_39.025kx22410ky_7000x8500_8_20179015_23_138_X3Y5_251_a0_full_BaselTMA_SP42_39.025kx22410ky_7000x8500_8_20179015_23_138_X3Y5_251_a0_full_segmentation_masks.tif
0.8079089617681243,0.3696119532465673,0.9672846237731734,1.2975787555324134,4585,3841,-744,BaselTMA_SP42_39.025kx22410ky_7000x8500_8_20179015_28_155_X4Y9_370_a0_full_BaselTMA_SP42_39.025kx22410ky_7000x8500_8_20179015_28_155_X4Y9_370_a0_full_segmentation_masks.tif
0.8633225094590365,0.2771144368984193,1.151106111736033,1.926386728875065,2667,1929,-738,BaselTMA_SP42_39.025kx22410ky_7000x8500_8_20179015_2_182_X1Y8_80_a0_full_BaselTMA_SP42_39.025kx22410ky_7000x8500_8_20179015_2_182_X1Y8_80_a0_full_segmentation_masks.tif
0.8376960653851767,0.4398669891671165,0.9738766980146291,1.2222884386174018,1914,1678,-236,BaselTMA_SP42_39.025kx22410ky_7000x8500_8_20179015_30_258_X4Y7_364_a0_full_BaselTMA_SP42_39.025kx22410ky_7000x8500_8_20179015_30_258_X4Y7_364_a0_full_segmentation_masks.tif
0.6999123707940337,0.3404357436059362,0.5168498168498169,0.9438386041439476,2730,1834,-896,BaselTMA_SP42_39.025kx22410ky_7000x8500_8_20179015_31_89_X4Y6_361_a0_full_BaselTMA_SP42_39.025kx22410ky_7000x8500_8_20179015_31_89_X4Y6_361_a0_full_segmentation_masks.tif
0.826126393311671,0.4247438515109831,0.807475884244373,1.2385892116182573,2488,1928,-560,BaselTMA_SP42_39.025kx22410ky_7000x8500_8_20179015_32_210_X4Y5_352_a0_full_BaselTMA_SP42_39.025kx22410ky_7000x8500_8_20179015_32_210_X4Y5_352_a0_full_segmentation_masks.tif
0.8666606847725096,0.4889627292787202,0.9855879462823453,1.3616852146263911,3053,2516,-537,BaselTMA_SP42_39.025kx22410ky_7000x8500_8_20179015_3_229_X1Y7_59_a0_full_BaselTMA_SP42_39.025kx22410ky_7000x8500_8_20179015_3_229_X1Y7_59_a0_full_segmentation_masks.tif
0.7893377610072635,0.3795695262518198,0.6915966386554622,1.1090712742980562,2380,1852,-528,BaselTMA_SP42_39.025kx22410ky_7000x8500_8_20179015_4_130_X1Y6_35_a0_full_BaselTMA_SP42_39.025kx22410ky_7000x8500_8_20179015_4_130_X1Y6_35_a0_full_segmentation_masks.tif
0.8038028289230351,0.4415793791014639,0.825638911788953,1.1843056272586474,2426,1937,-489,BaselTMA_SP42_39.025kx22410ky_7000x8500_8_20179015_5_10_X1Y5_12_a0_full_BaselTMA_SP42_39.025kx22410ky_7000x8500_8_20179015_5_10_X1Y5_12_a0_full_segmentation_masks.tif
0.7191126630378967,0.4277126099706745,0.38181818181818183,0.5625,55,48,-7,BaselTMA_SP42_39.8kx13.885ky_7000x7000_2_20179015_15_145_X2Y4_141_a0_full_BaselTMA_SP42_39.8kx13.885ky_7000x7000_2_20179015_15_145_X2Y4_141_a0_full_segmentation_masks.tif
0.6652945716490867,0.45362752430815256,0.08,0.12,25,25,0,BaselTMA_SP42_39.8kx13.885ky_7000x7000_2_20179015_15_145_X2Y4_142_a0_full_BaselTMA_SP42_39.8kx13.885ky_7000x7000_2_20179015_15_145_X2Y4_142_a0_full_segmentation_masks.tif
0.839306012197954,0.3318411564099851,1.2048543689320388,1.7006024096385541,2060,1660,-400,BaselTMA_SP42_39.8kx13.885ky_7000x7000_2_20179015_16_217_X2Y3_117_a0_full_BaselTMA_SP42_39.8kx13.885ky_7000x7000_2_20179015_16_217_X2Y3_117_a0_full_segmentation_masks.tif
0.8224144381086259,0.32504656612389593,0.8164435946462715,1.197215777262181,523,431,-92,BaselTMA_SP42_39.8kx13.885ky_7000x7000_2_20179015_24_16_X3Y4_239_a0_full_BaselTMA_SP42_39.8kx13.885ky_7000x7000_2_20179015_24_16_X3Y4_239_a0_full_segmentation_masks.tif
0.793810500214582,0.3641266604041792,0.9331476323119777,1.3069754306693024,4308,3541,-767,BaselTMA_SP42_39.8kx13.885ky_7000x7000_2_20179015_25_80_X3Y3_214_a0_full_BaselTMA_SP42_39.8kx13.885ky_7000x7000_2_20179015_25_80_X3Y3_214_a0_full_segmentation_masks.tif
0.8622335166016232,0.3538546770685355,1.5291989664082688,1.8760306242638398,3870,3396,-474,BaselTMA_SP42_39.8kx13.885ky_7000x7000_2_20179015_26_25_X3Y2_190_a0_full_BaselTMA_SP42_39.8kx13.885ky_7000x7000_2_20179015_26_25_X3Y2_190_a0_full_segmentation_masks.tif
0.740215181634834,0.36838729539740367,0.7121007647323436,1.0767012687427913,2223,1734,-489,BaselTMA_SP42_39.8kx13.885ky_7000x7000_2_20179015_27_215_X3Y1_166_a0_full_BaselTMA_SP42_39.8kx13.885ky_7000x7000_2_20179015_27_215_X3Y1_166_a0_full_segmentation_masks.tif
0.8007031524668933,0.4611801774033357,0.2579185520361991,0.611764705882353,221,170,-51,BaselTMA_SP42_39.8kx13.885ky_7000x7000_2_20179015_33_16_X4Y4_334_a0_full_BaselTMA_SP42_39.8kx13.885ky_7000x7000_2_20179015_33_16_X4Y4_334_a0_full_segmentation_masks.tif
0.7237033446437228,0.4171041656444728,0.4342857142857143,0.6075949367088608,175,158,-17,BaselTMA_SP42_39.8kx13.885ky_7000x7000_2_20179015_34_80_X4Y3_311_a0_full_BaselTMA_SP42_39.8kx13.885ky_7000x7000_2_20179015_34_80_X4Y3_311_a0_full_segmentation_masks.tif
0.8257441356199487,0.4734671352638764,0.29878048780487804,0.6194331983805668,328,247,-81,BaselTMA_SP42_39.8kx13.885ky_7000x7000_2_20179015_35_25_X4Y2_287_a0_full_BaselTMA_SP42_39.8kx13.885ky_7000x7000_2_20179015_35_25_X4Y2_287_a0_full_segmentation_masks.tif
0.269271948608137,0.1138938580799046,0.031446540880503145,0.3783783783783784,159,37,-122,BaselTMA_SP42_39.8kx13.885ky_7000x7000_2_20179015_36_215_X4Y1_263_a0_full_BaselTMA_SP42_39.8kx13.885ky_7000x7000_2_20179015_36_215_X4Y1_263_a0_full_segmentation_masks.tif
0.8635647398185623,0.2819249542403905,1.1338887235941684,1.772869429241595,3361,2558,-803,BaselTMA_SP42_39.8kx13.885ky_7000x7000_2_20179015_6_145_X1Y4_68_a0_full_BaselTMA_SP42_39.8kx13.885ky_7000x7000_2_20179015_6_145_X1Y4_68_a0_full_segmentation_masks.tif
0.8754004838755228,0.4235994156879738,0.955503512880562,1.2606577344701584,3843,3284,-559,BaselTMA_SP42_39.8kx13.885ky_7000x7000_2_20179015_7_217_X1Y3_47_a0_full_BaselTMA_SP42_39.8kx13.885ky_7000x7000_2_20179015_7_217_X1Y3_47_a0_full_segmentation_masks.tif
0.7695612888714812,0.3261182593312557,0.6878980891719745,1.1533694810224633,1727,1291,-436,BaselTMA_SP42_39.8kx13.885ky_7000x7000_2_20179015_8_51_X1Y2_24_a0_full_BaselTMA_SP42_39.8kx13.885ky_7000x7000_2_20179015_8_51_X1Y2_24_a0_full_segmentation_masks.tif
0.6199352312095195,0.29828828443444944,0.3280487804878049,0.7797202797202797,820,572,-248,BaselTMA_SP43_10.3kx13.7ky_6500x8000_6_20170928_12_132_X14Y1_99_a0_full_BaselTMA_SP43_10.3kx13.7ky_6500x8000_6_20170928_12_132_X14Y1_99_a0_full_segmentation_masks.tif
0.8994728884669314,0.2521590044270972,1.5218412400187882,2.3793103448275863,4258,3161,-1097,BaselTMA_SP43_10.3kx13.7ky_6500x8000_6_20170928_13_132_X13Y1_12_a0_full_BaselTMA_SP43_10.3kx13.7ky_6500x8000_6_20170928_13_132_X13Y1_12_a0_full_segmentation_masks.tif
0.8477946091655942,0.27847371849476377,1.1619594702409446,1.8769032811494746,6267,4663,-1604,BaselTMA_SP43_10.3kx13.7ky_6500x8000_6_20170928_13_144_X15Y1_195_a0_full_BaselTMA_SP43_10.3kx13.7ky_6500x8000_6_20170928_13_144_X15Y1_195_a0_full_segmentation_masks.tif
0.7717553917342849,0.31088915240151216,0.7723480333730631,1.3934563758389262,1678,1192,-486,BaselTMA_SP43_10.3kx13.7ky_6500x8000_6_20170928_14_144_X16Y1_301_a0_full_BaselTMA_SP43_10.3kx13.7ky_6500x8000_6_20170928_14_144_X16Y1_301_a0_full_segmentation_masks.tif
0.7479019458402766,0.3338828022916876,0.8143939393939394,1.2916876574307306,2640,1985,-655,BaselTMA_SP43_10.3kx13.7ky_6500x8000_6_20170928_27_95_X13Y2_27_a0_full_BaselTMA_SP43_10.3kx13.7ky_6500x8000_6_20170928_27_95_X13Y2_27_a0_full_segmentation_masks.tif
0.7523217767789272,0.36974580683129993,0.4713541666666667,0.9523809523809523,384,273,-111,BaselTMA_SP43_10.3kx13.7ky_6500x8000_6_20170928_28_95_X14Y2_120_a0_full_BaselTMA_SP43_10.3kx13.7ky_6500x8000_6_20170928_28_95_X14Y2_120_a0_full_segmentation_masks.tif
0.7108510403961704,0.3194950171835178,0.7267045454545454,1.161804745235317,3520,2571,-949,BaselTMA_SP43_10.3kx13.7ky_6500x8000_6_20170928_29_19_X15Y2_216_a0_full_BaselTMA_SP43_10.3kx13.7ky_6500x8000_6_20170928_29_19_X15Y2_216_a0_full_segmentation_masks.tif
0.7304456460208085,0.4444131164180788,0.16304347826086957,0.36909871244635195,276,233,-43,BaselTMA_SP43_10.3kx13.7ky_6500x8000_6_20170928_30_19_X16Y2_322_a0_full_BaselTMA_SP43_10.3kx13.7ky_6500x8000_6_20170928_30_19_X16Y2_322_a0_full_segmentation_masks.tif
0.7085095301281018,0.25795984587304804,0.6255778120184899,1.2977396726422448,1947,1283,-664,BaselTMA_SP43_10.3kx13.7ky_6500x8000_6_20170928_43_243_X13Y3_42_a0_full_BaselTMA_SP43_10.3kx13.7ky_6500x8000_6_20170928_43_243_X13Y3_42_a0_full_segmentation_masks.tif
0.7772147211498242,0.40258528656478126,0.7397435897435898,1.071875,780,640,-140,BaselTMA_SP43_10.3kx13.7ky_6500x8000_6_20170928_44_243_X14Y3_138_a0_full_BaselTMA_SP43_10.3kx13.7ky_6500x8000_6_20170928_44_243_X14Y3_138_a0_full_segmentation_masks.tif
0.6733507183465881,0.28283499906497395,0.5078023407022106,0.9908872901678657,3076,2085,-991,BaselTMA_SP43_10.3kx13.7ky_6500x8000_6_20170928_45_4_X15Y3_238_a0_full_BaselTMA_SP43_10.3kx13.7ky_6500x8000_6_20170928_45_4_X15Y3_238_a0_full_segmentation_masks.tif
0.5461876991783554,0.28688204441468584,0.1554054054054054,0.3853211009174312,148,109,-39,BaselTMA_SP43_10.3kx13.7ky_6500x8000_6_20170928_46_4_X16Y3_343_a0_full_BaselTMA_SP43_10.3kx13.7ky_6500x8000_6_20170928_46_4_X16Y3_343_a0_full_segmentation_masks.tif
0.7813760290877292,0.35799276545544034,0.7494199535962877,1.2132132132132132,862,666,-196,BaselTMA_SP43_10.3kx13.7ky_6500x8000_6_20170928_50_131_X14Y4_156_a0_full_BaselTMA_SP43_10.3kx13.7ky_6500x8000_6_20170928_50_131_X14Y4_156_a0_full_segmentation_masks.tif
0.7344094771599818,0.3473264738129375,0.939987752602572,1.3763866877971473,1633,1262,-371,BaselTMA_SP43_10.3kx13.7ky_6500x8000_6_20170928_59_131_X13Y4_60_a0_full_BaselTMA_SP43_10.3kx13.7ky_6500x8000_6_20170928_59_131_X13Y4_60_a0_full_segmentation_masks.tif
0.7045365430393549,0.31982130873323517,0.8907301916105644,1.2537313432835822,1931,1541,-390,BaselTMA_SP43_10.3kx13.7ky_6500x8000_6_20170928_61_87_X15Y4_259_a0_full_BaselTMA_SP43_10.3kx13.7ky_6500x8000_6_20170928_61_87_X15Y4_259_a0_full_segmentation_masks.tif
0.7228846597385032,0.3358629746068686,0.6311195445920303,1.0105474635861376,2635,1991,-644,BaselTMA_SP43_10.3kx13.7ky_6500x8000_6_20170928_62_47_X16Y4_361_a0_full_BaselTMA_SP43_10.3kx13.7ky_6500x8000_6_20170928_62_47_X16Y4_361_a0_full_segmentation_masks.tif
0.7978339157953401,0.40834941457610513,0.8615896041100031,1.1936671575846833,3309,2716,-593,BaselTMA_SP43_10.3kx13.7ky_6500x8000_6_20170928_75_118_X13Y5_81_a0_full_BaselTMA_SP43_10.3kx13.7ky_6500x8000_6_20170928_75_118_X13Y5_81_a0_full_segmentation_masks.tif
0.7781500330834752,0.3437508007194945,0.9253731343283582,1.3832967032967034,2948,2275,-673,BaselTMA_SP43_10.3kx13.7ky_6500x8000_6_20170928_76_201_X14Y5_174_a0_full_BaselTMA_SP43_10.3kx13.7ky_6500x8000_6_20170928_76_201_X14Y5_174_a0_full_segmentation_masks.tif
0.8441855073785662,0.20454209055798772,1.3197729422894986,2.266237251744498,5285,3726,-1559,BaselTMA_SP43_10.3kx13.7ky_6500x8000_6_20170928_77_93_X15Y5_280_a0_full_BaselTMA_SP43_10.3kx13.7ky_6500x8000_6_20170928_77_93_X15Y5_280_a0_full_segmentation_masks.tif
0.7477657869640593,0.3594812300070393,0.7801507537688442,1.2424749163879598,1592,1196,-396,BaselTMA_SP43_10.3kx13.7ky_6500x8000_6_20170928_78_26_X16Y5_379_a0_full_BaselTMA_SP43_10.3kx13.7ky_6500x8000_6_20170928_78_26_X16Y5_379_a0_full_segmentation_masks.tif
0.7699291673225248,0.2764717701426562,0.7142857142857143,1.3957597173144876,1638,1132,-506,BaselTMA_SP43_15.9kx19.3ky_10000x5500_10_20170928_101_213_X7Y7_66_a0_full_BaselTMA_SP43_15.9kx19.3ky_10000x5500_10_20170928_101_213_X7Y7_66_a0_full_segmentation_masks.tif
0.8295303609202564,0.3502568417323532,0.9767970882620565,1.4104852203011713,2198,1793,-405,BaselTMA_SP43_15.9kx19.3ky_10000x5500_10_20170928_102_281_X8Y7_126_a0_full_BaselTMA_SP43_15.9kx19.3ky_10000x5500_10_20170928_102_281_X8Y7_126_a0_full_segmentation_masks.tif
0.8576787536271736,0.29468141916263035,1.132549877015578,1.692494788047255,3659,2878,-781,BaselTMA_SP43_15.9kx19.3ky_10000x5500_10_20170928_103_193_X9Y7_180_a0_full_BaselTMA_SP43_15.9kx19.3ky_10000x5500_10_20170928_103_193_X9Y7_180_a0_full_segmentation_masks.tif
0.8116711924935575,0.4295573225100496,0.7786472889882616,1.0299479166666667,1789,1536,-253,BaselTMA_SP43_15.9kx19.3ky_10000x5500_10_20170928_104_140_X10Y7_244_a0_full_BaselTMA_SP43_15.9kx19.3ky_10000x5500_10_20170928_104_140_X10Y7_244_a0_full_segmentation_masks.tif
0.7585773241190691,0.36329513203998237,0.3590568060021436,0.8395802098950524,933,667,-266,BaselTMA_SP43_15.9kx19.3ky_10000x5500_10_20170928_105_194_X11Y7_307_a0_full_BaselTMA_SP43_15.9kx19.3ky_10000x5500_10_20170928_105_194_X11Y7_307_a0_full_segmentation_masks.tif
0.7751577656774007,0.33998226629073136,0.8936810431293881,1.3109315185027648,2991,2351,-640,BaselTMA_SP43_15.9kx19.3ky_10000x5500_10_20170928_106_94_X12Y7_367_a0_full_BaselTMA_SP43_15.9kx19.3ky_10000x5500_10_20170928_106_94_X12Y7_367_a0_full_segmentation_masks.tif
0.7979918383830489,0.2599255239482566,1.1642487046632124,1.9051910598413844,3860,2774,-1086,BaselTMA_SP43_15.9kx19.3ky_10000x5500_10_20170928_117_266_X7Y8_87_a0_full_BaselTMA_SP43_15.9kx19.3ky_10000x5500_10_20170928_117_266_X7Y8_87_a0_full_segmentation_masks.tif
0.6242287024710672,0.2804812800955592,0.7431077694235589,1.2121212121212122,798,594,-204,BaselTMA_SP43_15.9kx19.3ky_10000x5500_10_20170928_118_248_X8Y8_144_a0_full_BaselTMA_SP43_15.9kx19.3ky_10000x5500_10_20170928_118_248_X8Y8_144_a0_full_segmentation_masks.tif
0.7532910519108938,0.397677935986608,0.7548957675300063,1.055003819709702,1583,1309,-274,BaselTMA_SP43_15.9kx19.3ky_10000x5500_10_20170928_119_119_X9Y8_201_a0_full_BaselTMA_SP43_15.9kx19.3ky_10000x5500_10_20170928_119_119_X9Y8_201_a0_full_segmentation_masks.tif
0.5183607196207053,0.17258659030675969,0.43018867924528303,1.0056179775280898,265,178,-87,BaselTMA_SP43_15.9kx19.3ky_10000x5500_10_20170928_120_124_X10Y8_265_a0_full_BaselTMA_SP43_15.9kx19.3ky_10000x5500_10_20170928_120_124_X10Y8_265_a0_full_segmentation_masks.tif
0.8600234974544424,0.32569301380228327,1.112145390070922,1.609702315325248,2256,1814,-442,BaselTMA_SP43_15.9kx19.3ky_10000x5500_10_20170928_121_271_X11Y8_328_a0_full_BaselTMA_SP43_15.9kx19.3ky_10000x5500_10_20170928_121_271_X11Y8_328_a0_full_segmentation_masks.tif
0.7601992275364967,0.2998448012514179,0.7941434846266472,1.3795081967213114,3415,2440,-975,BaselTMA_SP43_15.9kx19.3ky_10000x5500_10_20170928_122_122_X12Y8_385_a0_full_BaselTMA_SP43_15.9kx19.3ky_10000x5500_10_20170928_122_122_X12Y8_385_a0_full_segmentation_masks.tif
0.8339271555336102,0.44915440434199116,0.8146524733876017,1.0680835734870318,3194,2776,-418,BaselTMA_SP43_15.9kx19.3ky_10000x5500_10_20170928_85_90_X7Y6_48_a0_full_BaselTMA_SP43_15.9kx19.3ky_10000x5500_10_20170928_85_90_X7Y6_48_a0_full_segmentation_masks.tif
0.860072894501441,0.28385811007571343,1.446509788412102,2.11144806671721,5057,3957,-1100,BaselTMA_SP43_15.9kx19.3ky_10000x5500_10_20170928_86_111_X8Y6_105_a0_full_BaselTMA_SP43_15.9kx19.3ky_10000x5500_10_20170928_86_111_X8Y6_105_a0_full_segmentation_masks.tif
0.8209084655393831,0.34802059526624113,1.288164665523156,1.725206611570248,2332,1936,-396,BaselTMA_SP43_15.9kx19.3ky_10000x5500_10_20170928_87_200_X9Y6_162_a0_full_BaselTMA_SP43_15.9kx19.3ky_10000x5500_10_20170928_87_200_X9Y6_162_a0_full_segmentation_masks.tif
0.7800161160354553,0.3827183077511516,0.9485294117647058,1.2869757174392935,544,453,-91,BaselTMA_SP43_15.9kx19.3ky_10000x5500_10_20170928_88_149_X10Y6_222_a0_full_BaselTMA_SP43_15.9kx19.3ky_10000x5500_10_20170928_88_149_X10Y6_222_a0_full_segmentation_masks.tif
0.797807895337748,0.3884816949215763,0.5042735042735043,0.8960674157303371,468,356,-112,BaselTMA_SP43_15.9kx19.3ky_10000x5500_10_20170928_88_149_X10Y6_223_a0_full_BaselTMA_SP43_15.9kx19.3ky_10000x5500_10_20170928_88_149_X10Y6_223_a0_full_segmentation_masks.tif
0.8468475051550158,0.33571751012639695,1.1186287776274244,1.7024985473561882,2217,1721,-496,BaselTMA_SP43_15.9kx19.3ky_10000x5500_10_20170928_89_195_X11Y6_286_a0_full_BaselTMA_SP43_15.9kx19.3ky_10000x5500_10_20170928_89_195_X11Y6_286_a0_full_segmentation_masks.tif
0.7604651127363686,0.36159007705630397,1.005123278898495,1.4316720257234727,3123,2488,-635,BaselTMA_SP43_15.9kx19.3ky_10000x5500_10_20170928_90_22_X12Y6_349_a0_full_BaselTMA_SP43_15.9kx19.3ky_10000x5500_10_20170928_90_22_X12Y6_349_a0_full_segmentation_masks.tif
0.702679073252982,0.39676678393859216,0.1368421052631579,0.42780748663101603,285,187,-98,BaselTMA_SP43_16.3kx14.5ky_7000x8000_5_20170928_10_209_X12Y1_298_a0_full_BaselTMA_SP43_16.3kx14.5ky_7000x8000_5_20170928_10_209_X12Y1_298_a0_full_segmentation_masks.tif
0.8701306164932456,0.2881516958022904,1.0599410415984278,1.8516158397815203,3053,2197,-856,BaselTMA_SP43_16.3kx14.5ky_7000x8000_5_20170928_23_172_X9Y2_24_a0_full_BaselTMA_SP43_16.3kx14.5ky_7000x8000_5_20170928_23_172_X9Y2_24_a0_full_segmentation_masks.tif
0.7298541670892238,0.3543663983737604,0.029411764705882353,0.5454545454545454,204,99,-105,BaselTMA_SP43_16.3kx14.5ky_7000x8000_5_20170928_24_172_X10Y2_117_a0_full_BaselTMA_SP43_16.3kx14.5ky_7000x8000_5_20170928_24_172_X10Y2_117_a0_full_segmentation_masks.tif
0.747999537343722,0.38207668273306367,0.8070175438596491,1.134450784593438,3477,2804,-673,BaselTMA_SP43_16.3kx14.5ky_7000x8000_5_20170928_25_235_X11Y2_213_a0_full_BaselTMA_SP43_16.3kx14.5ky_7000x8000_5_20170928_25_235_X11Y2_213_a0_full_segmentation_masks.tif
0.7173691033316026,0.31009302430344393,0.8008130081300813,1.2797297297297296,1968,1480,-488,BaselTMA_SP43_16.3kx14.5ky_7000x8000_5_20170928_26_235_X12Y2_319_a0_full_BaselTMA_SP43_16.3kx14.5ky_7000x8000_5_20170928_26_235_X12Y2_319_a0_full_segmentation_masks.tif
0.8027716349697774,0.34990447380990286,0.46808510638297873,0.8414096916299559,282,227,-55,BaselTMA_SP43_16.3kx14.5ky_7000x8000_5_20170928_39_137_X10Y3_135_a0_full_BaselTMA_SP43_16.3kx14.5ky_7000x8000_5_20170928_39_137_X10Y3_135_a0_full_segmentation_masks.tif
0.7494368543818727,0.17194974791950607,0.9361207897793263,2.2892408011178387,4305,2147,-2158,BaselTMA_SP43_16.3kx14.5ky_7000x8000_5_20170928_40_137_X9Y3_39_a0_full_BaselTMA_SP43_16.3kx14.5ky_7000x8000_5_20170928_40_137_X9Y3_39_a0_full_segmentation_masks.tif
0.7688176117023372,0.43382950520437213,0.45894263217097864,0.7364074328974536,1778,1453,-325,BaselTMA_SP43_16.3kx14.5ky_7000x8000_5_20170928_41_272_X11Y3_235_a0_full_BaselTMA_SP43_16.3kx14.5ky_7000x8000_5_20170928_41_272_X11Y3_235_a0_full_segmentation_masks.tif
0.7375130003466759,0.3868828206866794,0.7904903417533432,1.0170648464163823,673,586,-87,BaselTMA_SP43_16.3kx14.5ky_7000x8000_5_20170928_42_272_X12Y3_340_a0_full_BaselTMA_SP43_16.3kx14.5ky_7000x8000_5_20170928_42_272_X12Y3_340_a0_full_segmentation_masks.tif
0.8171547411612613,0.3102082352337318,0.9020855425945564,1.5323671497584541,2829,2070,-759,BaselTMA_SP43_16.3kx14.5ky_7000x8000_5_20170928_55_260_X10Y4_153_a0_full_BaselTMA_SP43_16.3kx14.5ky_7000x8000_5_20170928_55_260_X10Y4_153_a0_full_segmentation_masks.tif
0.853150406504065,0.31035406745185923,1.3250965250965252,1.9001937984496124,2590,2064,-526,BaselTMA_SP43_16.3kx14.5ky_7000x8000_5_20170928_56_260_X9Y4_57_a0_full_BaselTMA_SP43_16.3kx14.5ky_7000x8000_5_20170928_56_260_X9Y4_57_a0_full_segmentation_masks.tif
0.8849330527612659,0.2092617496790581,1.5272234540527223,2.4648318042813457,4059,2943,-1116,BaselTMA_SP43_16.3kx14.5ky_7000x8000_5_20170928_57_17_X11Y4_256_a0_full_BaselTMA_SP43_16.3kx14.5ky_7000x8000_5_20170928_57_17_X11Y4_256_a0_full_segmentation_masks.tif
0.6809796841291632,0.3261478206324679,0.54510556621881,1.028328611898017,521,353,-168,BaselTMA_SP43_16.3kx14.5ky_7000x8000_5_20170928_58_17_X12Y4_358_a0_full_BaselTMA_SP43_16.3kx14.5ky_7000x8000_5_20170928_58_17_X12Y4_358_a0_full_segmentation_masks.tif
0.8754835900384639,0.2497052400985091,1.3800403225806452,2.137777777777778,2976,2250,-726,BaselTMA_SP43_16.3kx14.5ky_7000x8000_5_20170928_71_202_X9Y5_78_a0_full_BaselTMA_SP43_16.3kx14.5ky_7000x8000_5_20170928_71_202_X9Y5_78_a0_full_segmentation_masks.tif
0.6187194744310387,0.05691973070947696,0.6842790966994788,3.9093167701863356,6908,1610,-5298,BaselTMA_SP43_16.3kx14.5ky_7000x8000_5_20170928_72_168_X10Y5_171_a0_full_BaselTMA_SP43_16.3kx14.5ky_7000x8000_5_20170928_72_168_X10Y5_171_a0_full_segmentation_masks.tif
0.8577987555561825,0.3436172606990986,1.1426229508196721,1.635017866258295,2440,1959,-481,BaselTMA_SP43_16.3kx14.5ky_7000x8000_5_20170928_73_230_X11Y5_277_a0_full_BaselTMA_SP43_16.3kx14.5ky_7000x8000_5_20170928_73_230_X11Y5_277_a0_full_segmentation_masks.tif
0.7963516994000801,0.2471896628711766,0.8241534067727458,1.691542288557214,2451,1608,-843,BaselTMA_SP43_16.3kx14.5ky_7000x8000_5_20170928_74_34_X12Y5_376_a0_full_BaselTMA_SP43_16.3kx14.5ky_7000x8000_5_20170928_74_34_X12Y5_376_a0_full_segmentation_masks.tif
0.7562451407903188,0.33340845578292616,0.5498338870431894,1.069153069153069,1806,1287,-519,BaselTMA_SP43_16.3kx14.5ky_7000x8000_5_20170928_7_85_X9Y1_9_a0_full_BaselTMA_SP43_16.3kx14.5ky_7000x8000_5_20170928_7_85_X9Y1_9_a0_full_segmentation_masks.tif
0.8085525766307525,0.2635878168731663,1.1815856777493605,1.8600682593856654,391,293,-98,BaselTMA_SP43_16.3kx14.5ky_7000x8000_5_20170928_8_85_X10Y1_96_a0_full_BaselTMA_SP43_16.3kx14.5ky_7000x8000_5_20170928_8_85_X10Y1_96_a0_full_segmentation_masks.tif
0.8411566295730598,0.3382568545026493,0.9638124362895005,1.465708687132593,1962,1531,-431,BaselTMA_SP43_16.3kx14.5ky_7000x8000_5_20170928_9_209_X11Y1_192_a0_full_BaselTMA_SP43_16.3kx14.5ky_7000x8000_5_20170928_9_209_X11Y1_192_a0_full_segmentation_masks.tif
0.8000445471756863,0.33898263820204205,0.8644520809469263,1.492537313432836,2619,1876,-743,BaselTMA_SP43_22.8kx15ky_7000x8000_4_20170928_19_180_X5Y2_21_a0_full_BaselTMA_SP43_22.8kx15ky_7000x8000_4_20170928_19_180_X5Y2_21_a0_full_segmentation_masks.tif
0.7776824034334764,0.4341403364792778,0.2037037037037037,0.5340909090909091,108,88,-20,BaselTMA_SP43_22.8kx15ky_7000x8000_4_20170928_20_180_X6Y2_114_a0_full_BaselTMA_SP43_22.8kx15ky_7000x8000_4_20170928_20_180_X6Y2_114_a0_full_segmentation_masks.tif
0.8224465547422746,0.36751977733290664,1.25994362668337,1.6356275303643724,3193,2717,-476,BaselTMA_SP43_22.8kx15ky_7000x8000_4_20170928_21_222_X7Y2_210_a0_full_BaselTMA_SP43_22.8kx15ky_7000x8000_4_20170928_21_222_X7Y2_210_a0_full_segmentation_masks.tif
0.4694102333032943,0.21649275244630314,0.2336448598130841,0.3113207547169811,107,106,-1,BaselTMA_SP43_22.8kx15ky_7000x8000_4_20170928_22_222_X8Y2_316_a0_full_BaselTMA_SP43_22.8kx15ky_7000x8000_4_20170928_22_222_X8Y2_316_a0_full_segmentation_masks.tif
0.6930760574935007,0.2585231434650668,0.5691716481639624,1.1897810218978102,2342,1507,-835,BaselTMA_SP43_22.8kx15ky_7000x8000_4_20170928_35_150_X5Y3_36_a0_full_BaselTMA_SP43_22.8kx15ky_7000x8000_4_20170928_35_150_X5Y3_36_a0_full_segmentation_masks.tif
0.6292459888602544,0.3301119023397762,0.0970873786407767,0.3413173652694611,206,167,-39,BaselTMA_SP43_22.8kx15ky_7000x8000_4_20170928_36_150_X6Y3_132_a0_full_BaselTMA_SP43_22.8kx15ky_7000x8000_4_20170928_36_150_X6Y3_132_a0_full_segmentation_masks.tif
0.8741530225318592,0.22558173745375285,1.2081552121012824,2.346619576185671,3041,1982,-1059,BaselTMA_SP43_22.8kx15ky_7000x8000_4_20170928_37_241_X7Y3_232_a0_full_BaselTMA_SP43_22.8kx15ky_7000x8000_4_20170928_37_241_X7Y3_232_a0_full_segmentation_masks.tif
0.7538688282977155,0.4936708860759494,0.1568627450980392,0.35135135135135137,51,37,-14,BaselTMA_SP43_22.8kx15ky_7000x8000_4_20170928_38_241_X8Y3_337_a0_full_BaselTMA_SP43_22.8kx15ky_7000x8000_4_20170928_38_241_X8Y3_337_a0_full_segmentation_masks.tif
0.8033560634143397,0.33720280123346497,0.9718711781492051,1.5498607242339832,2453,1795,-658,BaselTMA_SP43_22.8kx15ky_7000x8000_4_20170928_3_142_X5Y1_6_a0_full_BaselTMA_SP43_22.8kx15ky_7000x8000_4_20170928_3_142_X5Y1_6_a0_full_segmentation_masks.tif
0.7925534581106957,0.3938906977069156,0.7995910020449898,1.2802056555269923,489,389,-100,BaselTMA_SP43_22.8kx15ky_7000x8000_4_20170928_4_142_X6Y1_93_a0_full_BaselTMA_SP43_22.8kx15ky_7000x8000_4_20170928_4_142_X6Y1_93_a0_full_segmentation_masks.tif
0.8888098611073741,0.13263568777667215,1.3492215568862276,3.138211382113821,4175,2337,-1838,BaselTMA_SP43_22.8kx15ky_7000x8000_4_20170928_51_103_X5Y4_54_a0_full_BaselTMA_SP43_22.8kx15ky_7000x8000_4_20170928_51_103_X5Y4_54_a0_full_segmentation_masks.tif
0.36575629335543824,0.16733935142155051,0.6145251396648045,0.8095238095238095,179,168,-11,BaselTMA_SP43_22.8kx15ky_7000x8000_4_20170928_52_103_X6Y4_150_a0_full_BaselTMA_SP43_22.8kx15ky_7000x8000_4_20170928_52_103_X6Y4_150_a0_full_segmentation_masks.tif
0.7752534432562124,0.36308032376836386,0.9249860568878974,1.349876803942274,3586,2841,-745,BaselTMA_SP43_22.8kx15ky_7000x8000_4_20170928_53_79_X7Y4_253_a0_full_BaselTMA_SP43_22.8kx15ky_7000x8000_4_20170928_53_79_X7Y4_253_a0_full_segmentation_masks.tif
0.8612195356902033,0.31816642681791246,1.4670585353906442,1.9592439456585942,4083,3386,-697,BaselTMA_SP43_22.8kx15ky_7000x8000_4_20170928_54_79_X8Y4_355_a0_full_BaselTMA_SP43_22.8kx15ky_7000x8000_4_20170928_54_79_X8Y4_355_a0_full_segmentation_masks.tif
0.7944665125967619,0.33116317186117905,1.0051688490696071,1.4831460674157304,2902,2314,-588,BaselTMA_SP43_22.8kx15ky_7000x8000_4_20170928_5_50_X7Y1_189_a0_full_BaselTMA_SP43_22.8kx15ky_7000x8000_4_20170928_5_50_X7Y1_189_a0_full_segmentation_masks.tif
0.8278224300499843,0.4352503194160927,0.8346666666666667,1.1615176151761517,2250,1845,-405,BaselTMA_SP43_22.8kx15ky_7000x8000_4_20170928_67_43_X5Y5_75_a0_full_BaselTMA_SP43_22.8kx15ky_7000x8000_4_20170928_67_43_X5Y5_75_a0_full_segmentation_masks.tif
0.9100257253706162,0.2667739318386845,1.6067415730337078,2.281862745098039,4628,3672,-956,BaselTMA_SP43_22.8kx15ky_7000x8000_4_20170928_68_245_X6Y5_168_a0_full_BaselTMA_SP43_22.8kx15ky_7000x8000_4_20170928_68_245_X6Y5_168_a0_full_segmentation_masks.tif
0.246789654548743,0.11906087132520367,0.26666666666666666,0.30303030303030304,30,33,3,BaselTMA_SP43_22.8kx15ky_7000x8000_4_20170928_6_50_X8Y1_295_a0_full_BaselTMA_SP43_22.8kx15ky_7000x8000_4_20170928_6_50_X8Y1_295_a0_full_segmentation_masks.tif
0.8220375974323705,0.319237273987617,0.9208290859667007,1.4741655235482396,2943,2187,-756,BaselTMA_SP43_22.8kx15ky_7000x8000_4_20170928_70_199_X8Y5_373_a0_full_BaselTMA_SP43_22.8kx15ky_7000x8000_4_20170928_70_199_X8Y5_373_a0_full_segmentation_masks.tif
0.7823521594684385,0.40091933480237346,0.7045712126936154,1.0711880711880712,2647,2079,-568,BaselTMA_SP43_25.8kx22ky_10500x6500_8_20170928_100_252_X6Y7_382_a0_full_BaselTMA_SP43_25.8kx22ky_10500x6500_8_20170928_100_252_X6Y7_382_a0_full_segmentation_masks.tif
0.8024959829429578,0.31149999113495386,1.2311661506707947,1.8531405332128332,2907,2213,-694,BaselTMA_SP43_25.8kx22ky_10500x6500_8_20170928_111_1_X1Y8_45_a0_full_BaselTMA_SP43_25.8kx22ky_10500x6500_8_20170928_111_1_X1Y8_45_a0_full_segmentation_masks.tif
0.916472888419897,0.1458175644133718,1.6842468114443296,2.9490365111561867,5802,3944,-1858,BaselTMA_SP43_25.8kx22ky_10500x6500_8_20170928_112_173_X2Y8_123_a0_full_BaselTMA_SP43_25.8kx22ky_10500x6500_8_20170928_112_173_X2Y8_123_a0_full_segmentation_masks.tif
0.7305678823754058,0.2937201829241782,0.7821873557914167,1.3417037507946599,4334,3146,-1188,BaselTMA_SP43_25.8kx22ky_10500x6500_8_20170928_113_78_X3Y9_198_a0_full_BaselTMA_SP43_25.8kx22ky_10500x6500_8_20170928_113_78_X3Y9_198_a0_full_segmentation_masks.tif
0.8416893103357502,0.1985787755874733,1.2184141147840195,2.385942893002824,4931,3187,-1744,BaselTMA_SP43_25.8kx22ky_10500x6500_8_20170928_114_115_X4Y8_262_a0_full_BaselTMA_SP43_25.8kx22ky_10500x6500_8_20170928_114_115_X4Y8_262_a0_full_segmentation_masks.tif
0.9007006375098823,0.211294699145209,1.4018126888217524,2.4013875123885033,4303,3027,-1276,BaselTMA_SP43_25.8kx22ky_10500x6500_8_20170928_116_270_X6Y8_388_a0_full_BaselTMA_SP43_25.8kx22ky_10500x6500_8_20170928_116_270_X6Y8_388_a0_full_segmentation_masks.tif
0.8690290580967044,0.2493129338864355,0.8120192307692308,1.7446336047372317,2080,1351,-729,BaselTMA_SP43_25.8kx22ky_10500x6500_8_20170928_116_77_X3Y8_177_a0_full_BaselTMA_SP43_25.8kx22ky_10500x6500_8_20170928_116_77_X3Y8_177_a0_full_segmentation_masks.tif
0.8336769121566772,0.30051392423570134,1.29049135577798,1.896551724137931,4396,3451,-945,BaselTMA_SP43_25.8kx22ky_10500x6500_8_20170928_125_15_X1Y9_63_a0_full_BaselTMA_SP43_25.8kx22ky_10500x6500_8_20170928_125_15_X1Y9_63_a0_full_segmentation_masks.tif
0.8365637436818129,0.4532456369440479,1.0864325068870524,1.3571987480438186,2904,2556,-348,BaselTMA_SP43_25.8kx22ky_10500x6500_8_20170928_126_225_X2Y9_141_a0_full_BaselTMA_SP43_25.8kx22ky_10500x6500_8_20170928_126_225_X2Y9_141_a0_full_segmentation_masks.tif
0.726916781140239,0.28127272535649167,0.35515151515151516,1.0197238658777121,825,507,-318,BaselTMA_SP43_25.8kx22ky_10500x6500_8_20170928_128_197_X4Y9_283_a0_full_BaselTMA_SP43_25.8kx22ky_10500x6500_8_20170928_128_197_X4Y9_283_a0_full_segmentation_masks.tif
0.773469848430675,0.3156238145302017,1.149670218163369,1.6562700964630226,3942,3110,-832,BaselTMA_SP43_25.8kx22ky_10500x6500_8_20170928_129_269_X5Y9_346_a0_full_BaselTMA_SP43_25.8kx22ky_10500x6500_8_20170928_129_269_X5Y9_346_a0_full_segmentation_masks.tif
0.8865050604557342,0.18811343153811427,1.31597879591064,2.3841022790439133,5282,3598,-1684,BaselTMA_SP43_25.8kx22ky_10500x6500_8_20170928_130_226_X6Y9_391_a0_full_BaselTMA_SP43_25.8kx22ky_10500x6500_8_20170928_130_226_X6Y9_391_a0_full_segmentation_masks.tif
0.7772375980089448,0.31233976090608145,1.066113062919195,1.5903413821815153,3131,2402,-729,BaselTMA_SP43_25.8kx22ky_10500x6500_8_20170928_79_207_X1Y6_15_a0_full_BaselTMA_SP43_25.8kx22ky_10500x6500_8_20170928_79_207_X1Y6_15_a0_full_segmentation_masks.tif
0.8307575324049213,0.2151872809023015,1.4194476409666283,2.3236947791164657,1738,1245,-493,BaselTMA_SP43_25.8kx22ky_10500x6500_8_20170928_80_246_X2Y6_84_a0_full_BaselTMA_SP43_25.8kx22ky_10500x6500_8_20170928_80_246_X2Y6_84_a0_full_segmentation_masks.tif
0.8470678240952603,0.2944841560366852,1.3881636205395997,2.0562819783968163,2298,1759,-539,BaselTMA_SP43_25.8kx22ky_10500x6500_8_20170928_81_205_X3Y6_159_a0_full_BaselTMA_SP43_25.8kx22ky_10500x6500_8_20170928_81_205_X3Y6_159_a0_full_segmentation_masks.tif
0.8129136628298871,0.34266234549811236,1.2179356157383752,1.670754716981132,3914,3180,-734,BaselTMA_SP43_25.8kx22ky_10500x6500_8_20170928_82_32_X4Y6_219_a0_full_BaselTMA_SP43_25.8kx22ky_10500x6500_8_20170928_82_32_X4Y6_219_a0_full_segmentation_masks.tif
0.8254697125009238,0.4438804626712631,1.0999020568070519,1.3527435610302352,3063,2679,-384,BaselTMA_SP43_25.8kx22ky_10500x6500_8_20170928_83_242_X5Y6_304_a0_full_BaselTMA_SP43_25.8kx22ky_10500x6500_8_20170928_83_242_X5Y6_304_a0_full_segmentation_masks.tif
0.387780333974991,0.11425582003662045,0.16149068322981366,1.1886792452830188,322,106,-216,BaselTMA_SP43_25.8kx22ky_10500x6500_8_20170928_84_147_X6Y6_364_a0_full_BaselTMA_SP43_25.8kx22ky_10500x6500_8_20170928_84_147_X6Y6_364_a0_full_segmentation_masks.tif
0.845712462497234,0.36795717016131585,0.6338093044679871,1.1839152119700749,2171,1604,-567,BaselTMA_SP43_25.8kx22ky_10500x6500_8_20170928_95_139_X1Y7_30_a0_full_BaselTMA_SP43_25.8kx22ky_10500x6500_8_20170928_95_139_X1Y7_30_a0_full_segmentation_masks.tif
0.7358433312046813,0.33007035975036747,0.45,0.9007551240560949,1280,927,-353,BaselTMA_SP43_25.8kx22ky_10500x6500_8_20170928_96_221_X2Y7_102_a0_full_BaselTMA_SP43_25.8kx22ky_10500x6500_8_20170928_96_221_X2Y7_102_a0_full_segmentation_masks.tif
0.8915128488772798,0.2921962381635742,1.1882726951607205,1.9850313858039594,2831,2071,-760,BaselTMA_SP43_25.8kx22ky_10500x6500_8_20170928_98_107_X4Y7_241_a0_full_BaselTMA_SP43_25.8kx22ky_10500x6500_8_20170928_98_107_X4Y7_241_a0_full_segmentation_masks.tif
0.7645238143135908,0.4058599889296955,0.5951396070320579,0.8752339363693076,1934,1603,-331,BaselTMA_SP43_25.8kx22ky_10500x6500_8_20170928_99_125_X5Y7_325_a0_full_BaselTMA_SP43_25.8kx22ky_10500x6500_8_20170928_99_125_X5Y7_325_a0_full_segmentation_masks.tif
0.611152102877622,0.3529020297570946,0.14678899082568808,0.3625,109,80,-29,BaselTMA_SP43_29.3kx15.5ky_7000x8000_3_20170928_15_143_X1Y2_18_a0_full_BaselTMA_SP43_29.3kx15.5ky_7000x8000_3_20170928_15_143_X1Y2_18_a0_full_segmentation_masks.tif
0.7578973672992401,0.22660968969185555,0.7223942208462333,1.7967032967032968,969,546,-423,BaselTMA_SP43_29.3kx15.5ky_7000x8000_3_20170928_16_143_X2Y2_111_a0_full_BaselTMA_SP43_29.3kx15.5ky_7000x8000_3_20170928_16_143_X2Y2_111_a0_full_segmentation_masks.tif
0.8817844722077481,0.36601192237421193,1.624198250728863,2.004694835680751,3430,2982,-448,BaselTMA_SP43_29.3kx15.5ky_7000x8000_3_20170928_17_278_X3Y2_207_a0_full_BaselTMA_SP43_29.3kx15.5ky_7000x8000_3_20170928_17_278_X3Y2_207_a0_full_segmentation_masks.tif
0.7030422793795614,0.15393105790456785,0.1753902662993572,1.674074074074074,1089,405,-684,BaselTMA_SP43_29.3kx15.5ky_7000x8000_3_20170928_18_278_X4Y2_313_a0_full_BaselTMA_SP43_29.3kx15.5ky_7000x8000_3_20170928_18_278_X4Y2_313_a0_full_segmentation_masks.tif
0.7541615606016968,0.3553816636134938,0.7788363388907792,1.1822144725370531,2939,2294,-645,BaselTMA_SP43_29.3kx15.5ky_7000x8000_3_20170928_1_244_X3Y1_186_a0_full_BaselTMA_SP43_29.3kx15.5ky_7000x8000_3_20170928_1_244_X3Y1_186_a0_full_segmentation_masks.tif
0.3135754590080883,0.13525573646946829,0.5185185185185185,0.7475728155339806,108,103,-5,BaselTMA_SP43_29.3kx15.5ky_7000x8000_3_20170928_2_244_X4Y1_292_a0_full_BaselTMA_SP43_29.3kx15.5ky_7000x8000_3_20170928_2_244_X4Y1_292_a0_full_segmentation_masks.tif
0.8426945846942208,0.3708894281042046,0.9947089947089947,1.4265522463402323,2457,1981,-476,BaselTMA_SP43_29.3kx15.5ky_7000x8000_3_20170928_31_250_X1Y3_33_a0_full_BaselTMA_SP43_29.3kx15.5ky_7000x8000_3_20170928_31_250_X1Y3_33_a0_full_segmentation_masks.tif
0.7594949164812843,0.3193935038137853,0.9689471130519165,1.4964028776978417,2061,1529,-532,BaselTMA_SP43_29.3kx15.5ky_7000x8000_3_20170928_32_250_X2Y3_129_a0_full_BaselTMA_SP43_29.3kx15.5ky_7000x8000_3_20170928_32_250_X2Y3_129_a0_full_segmentation_masks.tif
0.7347360390915745,0.3260833902939166,0.7663043478260869,1.305668016194332,2024,1482,-542,BaselTMA_SP43_29.3kx15.5ky_7000x8000_3_20170928_33_170_X3Y3_229_a0_full_BaselTMA_SP43_29.3kx15.5ky_7000x8000_3_20170928_33_170_X3Y3_229_a0_full_segmentation_masks.tif
0.810611407796082,0.33760265065821116,0.7385398981324278,1.3708920187793427,589,426,-163,BaselTMA_SP43_29.3kx15.5ky_7000x8000_3_20170928_34_170_X4Y3_334_a0_full_BaselTMA_SP43_29.3kx15.5ky_7000x8000_3_20170928_34_170_X4Y3_334_a0_full_segmentation_masks.tif
0.895289452815226,0.1849383343431777,1.4311784119588429,2.6071016166281753,5151,3464,-1687,BaselTMA_SP43_29.3kx15.5ky_7000x8000_3_20170928_47_102_X1Y4_51_a0_full_BaselTMA_SP43_29.3kx15.5ky_7000x8000_3_20170928_47_102_X1Y4_51_a0_full_segmentation_masks.tif
0.265368143150484,0.09942206971284089,0.5553145336225597,0.7240566037735849,461,424,-37,BaselTMA_SP43_29.3kx15.5ky_7000x8000_3_20170928_48_102_X2Y4_147_a0_full_BaselTMA_SP43_29.3kx15.5ky_7000x8000_3_20170928_48_102_X2Y4_147_a0_full_segmentation_masks.tif
0.8905946591360204,0.1724125075165364,1.5124402702257373,2.6882482286831175,6069,4093,-1976,BaselTMA_SP43_29.3kx15.5ky_7000x8000_3_20170928_49_116_X3Y4_250_a0_full_BaselTMA_SP43_29.3kx15.5ky_7000x8000_3_20170928_49_116_X3Y4_250_a0_full_segmentation_masks.tif
0.7821621206729327,0.2637867836178237,0.8195876288659794,1.639089968976215,2910,1934,-976,BaselTMA_SP43_29.3kx15.5ky_7000x8000_3_20170928_50_116_X4Y4_352_a0_full_BaselTMA_SP43_29.3kx15.5ky_7000x8000_3_20170928_50_116_X4Y4_352_a0_full_segmentation_masks.tif
0.8631444972462302,0.3351143561723321,1.725749350955865,2.153423150948584,4237,3637,-600,BaselTMA_SP43_29.3kx15.5ky_7000x8000_3_20170928_63_49_X1Y5_72_a0_full_BaselTMA_SP43_29.3kx15.5ky_7000x8000_3_20170928_63_49_X1Y5_72_a0_full_segmentation_masks.tif
0.7885888618728715,0.21940911768516097,1.2403464453265969,2.214487832484437,2771,1767,-1004,BaselTMA_SP43_29.3kx15.5ky_7000x8000_3_20170928_64_75_X2Y5_165_a0_full_BaselTMA_SP43_29.3kx15.5ky_7000x8000_3_20170928_64_75_X2Y5_165_a0_full_segmentation_masks.tif
0.8006788656771685,0.2999249896710376,0.8789443488238669,1.3959429000751316,1743,1331,-412,BaselTMA_SP43_29.3kx15.5ky_7000x8000_3_20170928_65_21_X3Y5_271_a0_full_BaselTMA_SP43_29.3kx15.5ky_7000x8000_3_20170928_65_21_X3Y5_271_a0_full_segmentation_masks.tif
0.7987152458810545,0.38012714685735655,0.4680232558139535,0.8794063079777366,688,539,-149,BaselTMA_SP43_29.3kx15.5ky_7000x8000_3_20170928_66_157_X4Y5_370_a0_full_BaselTMA_SP43_29.3kx15.5ky_7000x8000_3_20170928_66_157_X4Y5_370_a0_full_segmentation_masks.tif
0.8355569908967967,0.3516995829056098,1.0098176718092566,1.5020870602265952,2139,1677,-462,BaselTMA_SP43_9.9kx19.3ky_6000x5500_11_20170928_107_233_X13Y7_108_a0_full_BaselTMA_SP43_9.9kx19.3ky_6000x5500_11_20170928_107_233_X13Y7_108_a0_full_segmentation_masks.tif
0.7936122055495012,0.2770827400592239,1.0181980906921242,1.5719769673704416,3352,2605,-747,BaselTMA_SP43_9.9kx19.3ky_6000x5500_11_20170928_108_67_X14Y7_226_a0_full_BaselTMA_SP43_9.9kx19.3ky_6000x5500_11_20170928_108_67_X14Y7_226_a0_full_segmentation_masks.tif
0.7585717438789567,0.2992640460410028,1.0042194092827004,1.469515122419587,2607,2083,-524,BaselTMA_SP43_9.9kx19.3ky_6000x5500_11_20170928_109_23_X15Y7_289_a0_full_BaselTMA_SP43_9.9kx19.3ky_6000x5500_11_20170928_109_23_X15Y7_289_a0_full_segmentation_masks.tif
0.8340252399746626,0.30899836718032453,1.494514106583072,2.0040786948176583,5104,4168,-936,BaselTMA_SP43_9.9kx19.3ky_6000x5500_11_20170928_110_128_X16Y7_331_a0_full_BaselTMA_SP43_9.9kx19.3ky_6000x5500_11_20170928_110_128_X16Y7_331_a0_full_segmentation_masks.tif
0.9256355050777139,0.09462230196954911,1.701740506329114,3.4664745940282873,6320,3818,-2502,BaselTMA_SP43_9.9kx19.3ky_6000x5500_11_20170928_123_108_X13Y8_183_a0_full_BaselTMA_SP43_9.9kx19.3ky_6000x5500_11_20170928_123_108_X13Y8_183_a0_full_segmentation_masks.tif
0.8280084071236693,0.3623971738154339,0.8623445825932504,1.2955288985823337,1126,917,-209,BaselTMA_SP43_9.9kx19.3ky_6000x5500_11_20170928_124_110_X14Y8_247_a0_full_BaselTMA_SP43_9.9kx19.3ky_6000x5500_11_20170928_124_110_X14Y8_247_a0_full_segmentation_masks.tif
0.7252428615241229,0.37242672380806613,0.5367882277671145,0.8656351791530945,1563,1228,-335,BaselTMA_SP43_9.9kx19.3ky_6000x5500_11_20170928_91_3_X13Y6_69_a0_full_BaselTMA_SP43_9.9kx19.3ky_6000x5500_11_20170928_91_3_X13Y6_69_a0_full_segmentation_masks.tif
0.44711728054262956,0.20003785906961336,0.12244897959183673,0.4666666666666667,98,60,-38,BaselTMA_SP43_9.9kx19.3ky_6000x5500_11_20170928_92_65_X14Y6_204_a0_full_BaselTMA_SP43_9.9kx19.3ky_6000x5500_11_20170928_92_65_X14Y6_204_a0_full_segmentation_masks.tif
0.7728386045958243,0.3188771231149661,0.8596597812879708,1.3530824659727783,1646,1249,-397,BaselTMA_SP43_9.9kx19.3ky_6000x5500_11_20170928_93_66_X15Y6_268_a0_full_BaselTMA_SP43_9.9kx19.3ky_6000x5500_11_20170928_93_66_X15Y6_268_a0_full_segmentation_masks.tif
0.8096309566463633,0.3060047205215409,1.156798245614035,1.6775538568450312,3648,2878,-770,BaselTMA_SP43_9.9kx19.3ky_6000x5500_11_20170928_94_97_X16Y6_310_a0_full_BaselTMA_SP43_9.9kx19.3ky_6000x5500_11_20170928_94_97_X16Y6_310_a0_full_segmentation_masks.tif
0.8208903080085472,0.30346514731112195,1.1370533529123839,1.6801493466085875,2043,1607,-436,ZTMA208_slide_13.25kx14.95ky_7000x7000_8_20171115_257_2_Cy1x1_18_a0_full_ZTMA208_slide_13.25kx14.95ky_7000x7000_8_20171115_257_2_Cy1x1_18_a0_full_segmentation_masks.tif
0.842654743670601,0.3330330736086715,0.9094076655052264,1.459909228441755,861,661,-200,ZTMA208_slide_13.25kx14.95ky_7000x7000_8_20171115_258_2_Cy1x2_36_a0_full_ZTMA208_slide_13.25kx14.95ky_7000x7000_8_20171115_258_2_Cy1x2_36_a0_full_segmentation_masks.tif
0.8384751424641383,0.2900963326009802,0.7611111111111111,1.441860465116279,180,129,-51,ZTMA208_slide_13.25kx14.95ky_7000x7000_8_20171115_259_2_Cy1x3_54_a0_full_ZTMA208_slide_13.25kx14.95ky_7000x7000_8_20171115_259_2_Cy1x3_54_a0_full_segmentation_masks.tif
0.02576598448630003,0.0013295786697084195,0.005704407951598963,3.6666666666666665,5785,36,-5749,ZTMA208_slide_13.25kx14.95ky_7000x7000_8_20171115_260_2_Cy1x4_62_a0_full_ZTMA208_slide_13.25kx14.95ky_7000x7000_8_20171115_260_2_Cy1x4_62_a0_full_segmentation_masks.tif
0.8118962604010584,0.41844677206925596,0.8244491826581379,1.1290050590219225,1407,1186,-221,ZTMA208_slide_13.25kx14.95ky_7000x7000_8_20171115_261_37_Cy1x5_70_a0_full_ZTMA208_slide_13.25kx14.95ky_7000x7000_8_20171115_261_37_Cy1x5_70_a0_full_segmentation_masks.tif
0.8684426392178135,0.20336891712240981,1.3396226415094339,2.279816513761468,1537,1090,-447,ZTMA208_slide_13.25kx14.95ky_7000x7000_8_20171115_262_37_Cy1x6_78_a0_full_ZTMA208_slide_13.25kx14.95ky_7000x7000_8_20171115_262_37_Cy1x6_78_a0_full_segmentation_masks.tif
0.7765347885402456,0.3674239283641489,0.5741935483870968,1.0042735042735043,310,234,-76,ZTMA208_slide_13.25kx14.95ky_7000x7000_8_20171115_263_37_Cy1x7_86_a0_full_ZTMA208_slide_13.25kx14.95ky_7000x7000_8_20171115_263_37_Cy1x7_86_a0_full_segmentation_masks.tif
0.8701466205108328,0.1878907195789457,1.2581721147431622,2.3921765295887663,1499,997,-502,ZTMA208_slide_13.25kx14.95ky_7000x7000_8_20171115_264_37_Cy1x8_94_a0_full_ZTMA208_slide_13.25kx14.95ky_7000x7000_8_20171115_264_37_Cy1x8_94_a0_full_segmentation_masks.tif
0.7506318449873631,0.5020563112938944,0.16666666666666666,0.4,24,20,-4,ZTMA208_slide_13.25kx14.95ky_7000x7000_8_20171115_265_37_Cy2x1_102_a0_full_ZTMA208_slide_13.25kx14.95ky_7000x7000_8_20171115_265_37_Cy2x1_102_a0_full_segmentation_masks.tif
0.864261100847713,0.3116621983914209,1.1164265129682998,1.6539017341040463,1735,1384,-351,ZTMA208_slide_13.25kx14.95ky_7000x7000_8_20171115_266_7_Cy2x2_108_a0_full_ZTMA208_slide_13.25kx14.95ky_7000x7000_8_20171115_266_7_Cy2x2_108_a0_full_segmentation_masks.tif
0.8494810844372488,0.39862595839402015,0.8349159970781592,1.2253141831238779,1369,1114,-255,ZTMA208_slide_13.25kx14.95ky_7000x7000_8_20171115_267_7_Cy2x3_116_a0_full_ZTMA208_slide_13.25kx14.95ky_7000x7000_8_20171115_267_7_Cy2x3_116_a0_full_segmentation_masks.tif
0.8881876113581277,0.14858461867484762,1.1042830540037243,2.724972497249725,1611,909,-702,ZTMA208_slide_13.25kx14.95ky_7000x7000_8_20171115_268_7_Cy2x4_130_a0_full_ZTMA208_slide_13.25kx14.95ky_7000x7000_8_20171115_268_7_Cy2x4_130_a0_full_segmentation_masks.tif
0.8706986665159905,0.19420710363616428,1.0662824207492796,2.3933649289099526,1388,844,-544,ZTMA208_slide_13.25kx14.95ky_7000x7000_8_20171115_269_7_Cy2x5_138_a0_full_ZTMA208_slide_13.25kx14.95ky_7000x7000_8_20171115_269_7_Cy2x5_138_a0_full_segmentation_masks.tif
0.04050582888757163,0.0095247593876228,0.0625,0.06896551724137931,16,29,13,ZTMA208_slide_13.25kx14.95ky_7000x7000_8_20171115_270_7_Cy2x6_146_a0_full_ZTMA208_slide_13.25kx14.95ky_7000x7000_8_20171115_270_7_Cy2x6_146_a0_full_segmentation_masks.tif
0.799414303799399,0.3277506632374086,0.8244592346089851,1.4319727891156462,1202,882,-320,ZTMA208_slide_13.25kx14.95ky_7000x7000_8_20171115_271_52_Cy2x7_154_a0_full_ZTMA208_slide_13.25kx14.95ky_7000x7000_8_20171115_271_52_Cy2x7_154_a0_full_segmentation_masks.tif
0.6641591007349762,0.30429879137610194,0.40977443609022557,0.8563829787234043,798,564,-234,ZTMA208_slide_13.25kx14.95ky_7000x7000_8_20171115_272_52_Cy2x8_165_a0_full_ZTMA208_slide_13.25kx14.95ky_7000x7000_8_20171115_272_52_Cy2x8_165_a0_full_segmentation_masks.tif
0.9378489021213249,0.13015168213302666,1.6255270218474511,3.1837606837606836,2609,1638,-971,ZTMA208_slide_13.25kx14.95ky_7000x7000_8_20171115_273_52_Cy3x1_173_a0_full_ZTMA208_slide_13.25kx14.95ky_7000x7000_8_20171115_273_52_Cy3x1_173_a0_full_segmentation_masks.tif
0.8633288227334236,0.22545206600300013,1.217306441119063,2.1862652869238004,1537,1063,-474,ZTMA208_slide_13.25kx14.95ky_7000x7000_8_20171115_274_52_Cy3x2_181_a0_full_ZTMA208_slide_13.25kx14.95ky_7000x7000_8_20171115_274_52_Cy3x2_181_a0_full_segmentation_masks.tif
0.041832065936518566,0.017469586374695863,0.045454545454545456,0.09259259259259259,44,54,10,ZTMA208_slide_13.25kx14.95ky_7000x7000_8_20171115_275_52_Cy3x3_189_a0_full_ZTMA208_slide_13.25kx14.95ky_7000x7000_8_20171115_275_52_Cy3x3_189_a0_full_segmentation_masks.tif
0.7951180472188876,0.605009633911368,0.16666666666666666,0.2,24,25,1,ZTMA208_slide_13.25kx14.95ky_7000x7000_8_20171115_276_14_Cy3x4_197_a0_full_ZTMA208_slide_13.25kx14.95ky_7000x7000_8_20171115_276_14_Cy3x4_197_a0_full_segmentation_masks.tif
0.7738692324314488,0.4342549547345241,0.523725834797891,0.8496732026143791,569,459,-110,ZTMA208_slide_13.25kx14.95ky_7000x7000_8_20171115_277_14_Cy3x5_205_a0_full_ZTMA208_slide_13.25kx14.95ky_7000x7000_8_20171115_277_14_Cy3x5_205_a0_full_segmentation_masks.tif
0.8609803452219474,0.17329588672400678,0.9922572960095295,2.328643216080402,1679,995,-684,ZTMA208_slide_13.25kx14.95ky_7000x7000_8_20171115_278_14_Cy3x6_213_a0_full_ZTMA208_slide_13.25kx14.95ky_7000x7000_8_20171115_278_14_Cy3x6_213_a0_full_segmentation_masks.tif
0.8112517969251261,0.26168286547220754,0.7949231796927188,1.7578378378378379,1497,925,-572,ZTMA208_slide_13.25kx14.95ky_7000x7000_8_20171115_279_14_Cy3x7_221_a0_full_ZTMA208_slide_13.25kx14.95ky_7000x7000_8_20171115_279_14_Cy3x7_221_a0_full_segmentation_masks.tif
0.7559905476866328,0.256155116631598,0.8545837723919916,1.566742944317315,1898,1311,-587,ZTMA208_slide_13.25kx14.95ky_7000x7000_8_20171115_281_66_Cy4x1_229_a0_full_ZTMA208_slide_13.25kx14.95ky_7000x7000_8_20171115_281_66_Cy4x1_229_a0_full_segmentation_masks.tif
0.6407624633431085,0.26769726447535547,0.35243996901626645,0.8726190476190476,1291,840,-451,ZTMA208_slide_13.25kx14.95ky_7000x7000_8_20171115_282_66_Cy4x2_237_a0_full_ZTMA208_slide_13.25kx14.95ky_7000x7000_8_20171115_282_66_Cy4x2_237_a0_full_segmentation_masks.tif
0.8106230606977909,0.28598267460747157,0.9486999297259311,1.6702862783810464,1423,1013,-410,ZTMA208_slide_13.25kx14.95ky_7000x7000_8_20171115_283_66_Cy4x3_245_a0_full_ZTMA208_slide_13.25kx14.95ky_7000x7000_8_20171115_283_66_Cy4x3_245_a0_full_segmentation_masks.tif
0.7971434450700139,0.30416668499755833,1.0849598163030998,1.6929492039423806,1742,1319,-423,ZTMA208_slide_13.25kx14.95ky_7000x7000_8_20171115_284_66_Cy4x4_253_a0_full_ZTMA208_slide_13.25kx14.95ky_7000x7000_8_20171115_284_66_Cy4x4_253_a0_full_segmentation_masks.tif
0.7977799983145324,0.39136333941942075,0.7690802348336595,1.180246913580247,511,405,-106,ZTMA208_slide_13.25kx14.95ky_7000x7000_8_20171115_287_68_Cy4x7_261_a0_full_ZTMA208_slide_13.25kx14.95ky_7000x7000_8_20171115_287_68_Cy4x7_261_a0_full_segmentation_masks.tif
0.5638629283489096,0.3368037480478917,0.1,0.1,10,10,0,ZTMA208_slide_13.25kx14.95ky_7000x7000_8_20171115_290_68_Cy5x2_269_a0_full_ZTMA208_slide_13.25kx14.95ky_7000x7000_8_20171115_290_68_Cy5x2_269_a0_full_segmentation_masks.tif
0.9105044329667498,0.11432889427167893,1.6490455212922173,3.1562644475265835,3405,2163,-1242,ZTMA208_slide_13.25kx14.95ky_7000x7000_8_20171115_291_23_Cy5x3_278_a0_full_ZTMA208_slide_13.25kx14.95ky_7000x7000_8_20171115_291_23_Cy5x3_278_a0_full_segmentation_masks.tif
0.8482693182352848,0.17040980221192234,1.516016016016016,2.6278059377262855,1998,1381,-617,ZTMA208_slide_13.25kx14.95ky_7000x7000_8_20171115_292_23_Cy5x4_286_a0_full_ZTMA208_slide_13.25kx14.95ky_7000x7000_8_20171115_292_23_Cy5x4_286_a0_full_segmentation_masks.tif
0.9107045801020747,0.10877026229211018,1.6430002862868593,3.3146067415730336,3493,2136,-1357,ZTMA208_slide_13.25kx14.95ky_7000x7000_8_20171115_293_23_Cy5x5_294_a0_full_ZTMA208_slide_13.25kx14.95ky_7000x7000_8_20171115_293_23_Cy5x5_294_a0_full_segmentation_masks.tif
0.7992304993166265,0.061377190926374454,1.037047126123672,3.837685250529287,3671,1417,-2254,ZTMA208_slide_13.25kx14.95ky_7000x7000_8_20171115_294_23_Cy5x6_302_a0_full_ZTMA208_slide_13.25kx14.95ky_7000x7000_8_20171115_294_23_Cy5x6_302_a0_full_segmentation_masks.tif
0.8350656749973052,0.3553941519003193,0.9615384615384616,1.3307888040712468,468,393,-75,ZTMA208_slide_13.25kx14.95ky_7000x7000_8_20171115_295_23_Cy5x7_310_a0_full_ZTMA208_slide_13.25kx14.95ky_7000x7000_8_20171115_295_23_Cy5x7_310_a0_full_segmentation_masks.tif
0.9381214354211881,0.4158210661712162,1.66796875,2.0088495575221237,256,226,-30,ZTMA208_slide_13.25kx14.95ky_7000x7000_8_20171115_295_23_Cy5x7_311_a0_full_ZTMA208_slide_13.25kx14.95ky_7000x7000_8_20171115_295_23_Cy5x7_311_a0_full_segmentation_masks.tif
0.6965584517329048,0.1524441389594352,0.7199046483909416,2.2036793692509855,1678,761,-917,ZTMA208_slide_13.25kx14.95ky_7000x7000_8_20171115_296_21_Cy5x8_319_a0_full_ZTMA208_slide_13.25kx14.95ky_7000x7000_8_20171115_296_21_Cy5x8_319_a0_full_segmentation_masks.tif
0.7740708586547604,0.38070322310590204,0.49643705463182897,1.02020202020202,421,297,-124,ZTMA208_slide_13.25kx14.95ky_7000x7000_8_20171115_297_21_Cy6x1_327_a0_full_ZTMA208_slide_13.25kx14.95ky_7000x7000_8_20171115_297_21_Cy6x1_327_a0_full_segmentation_masks.tif
0.7985695220463864,0.2691180841577852,0.9941211052322163,1.7477253928866832,1701,1209,-492,ZTMA208_slide_13.25kx14.95ky_7000x7000_8_20171115_298_21_Cy6x2_335_a0_full_ZTMA208_slide_13.25kx14.95ky_7000x7000_8_20171115_298_21_Cy6x2_335_a0_full_segmentation_masks.tif
0.7955208177856734,0.2229721607579326,1.032474804031355,1.8929440389294403,1786,1233,-553,ZTMA208_slide_13.25kx14.95ky_7000x7000_8_20171115_299_21_Cy6x3_343_a0_full_ZTMA208_slide_13.25kx14.95ky_7000x7000_8_20171115_299_21_Cy6x3_343_a0_full_segmentation_masks.tif
0.7979110089826614,0.3821678119766703,0.5333333333333333,1.0632911392405062,105,79,-26,ZTMA208_slide_13.25kx14.95ky_7000x7000_8_20171115_300_21_Cy6x4_351_a0_full_ZTMA208_slide_13.25kx14.95ky_7000x7000_8_20171115_300_21_Cy6x4_351_a0_full_segmentation_masks.tif
0.9242434471906145,0.06906555106142584,1.2821100917431192,4.150103519668737,2180,966,-1214,ZTMA208_slide_13.25kx14.95ky_7000x7000_8_20171115_301_18_Cy6x5_359_a0_full_ZTMA208_slide_13.25kx14.95ky_7000x7000_8_20171115_301_18_Cy6x5_359_a0_full_segmentation_masks.tif
0.9411390687016553,0.05676473324581081,1.46386630532972,4.630546955624355,2214,969,-1245,ZTMA208_slide_13.25kx14.95ky_7000x7000_8_20171115_302_18_Cy6x6_367_a0_full_ZTMA208_slide_13.25kx14.95ky_7000x7000_8_20171115_302_18_Cy6x6_367_a0_full_segmentation_masks.tif
0.9227910903576156,0.051592608018940306,1.3368091762252345,4.775483870967742,1918,775,-1143,ZTMA208_slide_13.25kx14.95ky_7000x7000_8_20171115_303_18_Cy6x7_375_a0_full_ZTMA208_slide_13.25kx14.95ky_7000x7000_8_20171115_303_18_Cy6x7_375_a0_full_segmentation_masks.tif
0.8813309786150609,0.12228517290383704,1.1936067551266587,3.095890410958904,1658,876,-782,ZTMA208_slide_13.25kx14.95ky_7000x7000_8_20171115_304_18_Cy6x8_383_a0_full_ZTMA208_slide_13.25kx14.95ky_7000x7000_8_20171115_304_18_Cy6x8_383_a0_full_segmentation_masks.tif
0.7573127775792536,0.3130896720459839,0.6666666666666666,1.144963144963145,540,407,-133,ZTMA208_slide_13.25kx14.95ky_7000x7000_8_20171115_305_18_Cy7x1_392_a0_full_ZTMA208_slide_13.25kx14.95ky_7000x7000_8_20171115_305_18_Cy7x1_392_a0_full_segmentation_masks.tif
0.8586905698678253,0.3476727297876755,1.2353202846975089,1.6180189673340357,2248,1898,-350,ZTMA208_slide_13.25kx14.95ky_7000x7000_8_20171115_306_33_Cy7x2_400_a0_full_ZTMA208_slide_13.25kx14.95ky_7000x7000_8_20171115_306_33_Cy7x2_400_a0_full_segmentation_masks.tif
0.8972595860923827,0.2583895727489489,1.661648177496038,2.2583616093068346,2524,2063,-461,ZTMA208_slide_13.25kx14.95ky_7000x7000_8_20171115_307_33_Cy7x3_408_a0_full_ZTMA208_slide_13.25kx14.95ky_7000x7000_8_20171115_307_33_Cy7x3_408_a0_full_segmentation_masks.tif
0.8749852537998009,0.2096454726555588,1.3308798929407828,2.3402609956500724,2989,2069,-920,ZTMA208_slide_13.25kx14.95ky_7000x7000_8_20171115_308_33_Cy7x4_416_a0_full_ZTMA208_slide_13.25kx14.95ky_7000x7000_8_20171115_308_33_Cy7x4_416_a0_full_segmentation_masks.tif
0.8667147119639526,0.28329105280672107,1.3296529968454258,2.0020297699594045,1902,1478,-424,ZTMA208_slide_13.25kx14.95ky_7000x7000_8_20171115_309_33_Cy7x5_424_a0_full_ZTMA208_slide_13.25kx14.95ky_7000x7000_8_20171115_309_33_Cy7x5_424_a0_full_segmentation_masks.tif
0.41189307146753956,0.19167840502763028,0.27419354838709675,0.5416666666666666,62,48,-14,ZTMA208_slide_13.25kx14.95ky_7000x7000_8_20171115_310_33_Cy7x6_432_a0_full_ZTMA208_slide_13.25kx14.95ky_7000x7000_8_20171115_310_33_Cy7x6_432_a0_full_segmentation_masks.tif
0.8835577695271127,0.26229696057920593,1.6937679083094557,2.3177198409191337,2792,2263,-529,ZTMA208_slide_13.25kx14.95ky_7000x7000_8_20171115_311_59_Cy7x7_440_a0_full_ZTMA208_slide_13.25kx14.95ky_7000x7000_8_20171115_311_59_Cy7x7_440_a0_full_segmentation_masks.tif
0.9207047066775317,0.19332281359458467,1.9173669467787116,2.7768707482993196,2856,2205,-651,ZTMA208_slide_13.25kx14.95ky_7000x7000_8_20171115_312_59_Cy7x8_448_a0_full_ZTMA208_slide_13.25kx14.95ky_7000x7000_8_20171115_312_59_Cy7x8_448_a0_full_segmentation_masks.tif
0.9112060284057367,0.18832289229959792,1.7904479822288042,2.69539666993144,2701,2042,-659,ZTMA208_slide_13.25kx14.95ky_7000x7000_8_20171115_313_59_Cy8x1_456_a0_full_ZTMA208_slide_13.25kx14.95ky_7000x7000_8_20171115_313_59_Cy8x1_456_a0_full_segmentation_masks.tif
0.9187171049760406,0.1831454263341741,1.8012942519984774,2.737938039614017,2627,1969,-658,ZTMA208_slide_13.25kx14.95ky_7000x7000_8_20171115_314_59_Cy8x2_464_a0_full_ZTMA208_slide_13.25kx14.95ky_7000x7000_8_20171115_314_59_Cy8x2_464_a0_full_segmentation_masks.tif
0.781681641410755,0.5926954293037163,0.14035087719298245,0.15151515151515152,57,66,9,ZTMA208_slide_13.25kx14.95ky_7000x7000_8_20171115_315_59_Cy8x3_472_a0_full_ZTMA208_slide_13.25kx14.95ky_7000x7000_8_20171115_315_59_Cy8x3_472_a0_full_segmentation_masks.tif
0.9574662792111136,0.12616747597892344,2.041770263550472,3.467541940189643,2011,1371,-640,ZTMA208_slide_13.25kx14.95ky_7000x7000_8_20171115_316_19_Cy8x4_480_a0_full_ZTMA208_slide_13.25kx14.95ky_7000x7000_8_20171115_316_19_Cy8x4_480_a0_full_segmentation_masks.tif
0.9106616379898187,0.1842399682861296,1.703670140462166,2.546642899584076,2207,1683,-524,ZTMA208_slide_13.25kx14.95ky_7000x7000_8_20171115_317_19_Cy8x5_488_a0_full_ZTMA208_slide_13.25kx14.95ky_7000x7000_8_20171115_317_19_Cy8x5_488_a0_full_segmentation_masks.tif
0.9632840497913817,0.10597110662211713,2.1377737226277373,3.7539737387698686,2192,1447,-745,ZTMA208_slide_13.25kx14.95ky_7000x7000_8_20171115_318_19_Cy8x6_495_a0_full_ZTMA208_slide_13.25kx14.95ky_7000x7000_8_20171115_318_19_Cy8x6_495_a0_full_segmentation_masks.tif
0.89523901188664,0.18450059403088961,1.653469227753822,2.5075324675324677,2551,1925,-626,ZTMA208_slide_13.25kx14.95ky_7000x7000_8_20171115_319_19_Cy8x7_502_a0_full_ZTMA208_slide_13.25kx14.95ky_7000x7000_8_20171115_319_19_Cy8x7_502_a0_full_segmentation_masks.tif
0.8575723412251034,0.3931937172774869,0.5535714285714286,1.5588235294117647,56,34,-22,ZTMA208_slide_13.25kx14.95ky_7000x7000_8_20171115_320_19_Cy8x8_509_a0_full_ZTMA208_slide_13.25kx14.95ky_7000x7000_8_20171115_320_19_Cy8x8_509_a0_full_segmentation_masks.tif
0.7888673916427602,0.29977454040929585,0.9875,1.5487603305785125,1600,1210,-390,ZTMA208_slide_13.25kx21.95ky_7000x7000_9_20171115_321_13_Cy9x1_21_a0_full_ZTMA208_slide_13.25kx21.95ky_7000x7000_9_20171115_321_13_Cy9x1_21_a0_full_segmentation_masks.tif
0.8977010089488193,0.22347159504371145,1.6230925737538149,2.412117177097204,1966,1502,-464,ZTMA208_slide_13.25kx21.95ky_7000x7000_9_20171115_322_13_Cy9x2_39_a0_full_ZTMA208_slide_13.25kx21.95ky_7000x7000_9_20171115_322_13_Cy9x2_39_a0_full_segmentation_masks.tif
0.8268773345927611,0.21571329397702302,1.0548320767649075,2.0226104830421376,1459,973,-486,ZTMA208_slide_13.25kx21.95ky_7000x7000_9_20171115_323_13_Cy9x3_55_a0_full_ZTMA208_slide_13.25kx21.95ky_7000x7000_9_20171115_323_13_Cy9x3_55_a0_full_segmentation_masks.tif
0.7339358540834102,0.2815428415346472,0.712532299741602,1.3235294117647058,1548,1088,-460,ZTMA208_slide_13.25kx21.95ky_7000x7000_9_20171115_324_13_Cy9x4_63_a0_full_ZTMA208_slide_13.25kx21.95ky_7000x7000_9_20171115_324_13_Cy9x4_63_a0_full_segmentation_masks.tif
0.8208882100348713,0.2883212356359181,1.2231237322515214,1.8859416445623343,493,377,-116,ZTMA208_slide_13.25kx21.95ky_7000x7000_9_20171115_325_13_Cy9x5_71_a0_full_ZTMA208_slide_13.25kx21.95ky_7000x7000_9_20171115_325_13_Cy9x5_71_a0_full_segmentation_masks.tif
0.84785523405117,0.2541721339546481,1.1747685185185186,1.997590361445783,1728,1245,-483,ZTMA208_slide_13.25kx21.95ky_7000x7000_9_20171115_326_22_Cy9x6_79_a0_full_ZTMA208_slide_13.25kx21.95ky_7000x7000_9_20171115_326_22_Cy9x6_79_a0_full_segmentation_masks.tif
0.7749498743018598,0.3088872044011072,0.7609561752988048,1.3044642857142856,1506,1120,-386,ZTMA208_slide_13.25kx21.95ky_7000x7000_9_20171115_327_22_Cy9x7_87_a0_full_ZTMA208_slide_13.25kx21.95ky_7000x7000_9_20171115_327_22_Cy9x7_87_a0_full_segmentation_masks.tif
0.7700119008135474,0.2779346410117367,0.9029435163086714,1.6275862068965516,1257,870,-387,ZTMA208_slide_13.25kx21.95ky_7000x7000_9_20171115_328_22_Cy9x8_95_a0_full_ZTMA208_slide_13.25kx21.95ky_7000x7000_9_20171115_328_22_Cy9x8_95_a0_full_segmentation_masks.tif
0.7401319336674653,0.32015176648263227,0.5927392739273928,1.0863509749303621,1515,1077,-438,ZTMA208_slide_13.25kx21.95ky_7000x7000_9_20171115_329_22_Cy10x1_103_a0_full_ZTMA208_slide_13.25kx21.95ky_7000x7000_9_20171115_329_22_Cy10x1_103_a0_full_segmentation_masks.tif
0.7480483230843037,0.39397316905118956,0.7019230769230769,0.9460227272727273,416,352,-64,ZTMA208_slide_13.25kx21.95ky_7000x7000_9_20171115_330_22_Cy10x2_109_a0_full_ZTMA208_slide_13.25kx21.95ky_7000x7000_9_20171115_330_22_Cy10x2_109_a0_full_segmentation_masks.tif
0.8483203483946491,0.13306439142730495,1.0155038759689923,2.943832599118943,1806,908,-898,ZTMA208_slide_13.25kx21.95ky_7000x7000_9_20171115_331_54_Cy10x3_117_a0_full_ZTMA208_slide_13.25kx21.95ky_7000x7000_9_20171115_331_54_Cy10x3_117_a0_full_segmentation_masks.tif
0.7846172007187734,0.23115637397122388,0.7188006482982172,1.815492957746479,1234,710,-524,ZTMA208_slide_13.25kx21.95ky_7000x7000_9_20171115_332_54_Cy10x4_131_a0_full_ZTMA208_slide_13.25kx21.95ky_7000x7000_9_20171115_332_54_Cy10x4_131_a0_full_segmentation_masks.tif
0.8536644183480339,0.25617793934053024,0.8991477272727273,1.7037037037037037,704,486,-218,ZTMA208_slide_13.25kx21.95ky_7000x7000_9_20171115_333_54_Cy10x5_139_a0_full_ZTMA208_slide_13.25kx21.95ky_7000x7000_9_20171115_333_54_Cy10x5_139_a0_full_segmentation_masks.tif
0.8920737592495386,0.12348285964311533,1.2642559109874827,3.1364795918367347,1438,784,-654,ZTMA208_slide_13.25kx21.95ky_7000x7000_9_20171115_334_54_Cy10x6_147_a0_full_ZTMA208_slide_13.25kx21.95ky_7000x7000_9_20171115_334_54_Cy10x6_147_a0_full_segmentation_masks.tif
0.8270222266077905,0.23732706586186636,1.1906779661016949,1.9272517321016167,1180,866,-314,ZTMA208_slide_13.25kx21.95ky_7000x7000_9_20171115_335_54_Cy10x7_155_a0_full_ZTMA208_slide_13.25kx21.95ky_7000x7000_9_20171115_335_54_Cy10x7_155_a0_full_segmentation_masks.tif
0.8211841016223052,0.2847083413196061,1.0291828793774318,1.585427135678392,1542,1194,-348,ZTMA208_slide_13.25kx21.95ky_7000x7000_9_20171115_336_27_Cy10x8_166_a0_full_ZTMA208_slide_13.25kx21.95ky_7000x7000_9_20171115_336_27_Cy10x8_166_a0_full_segmentation_masks.tif
0.8782971094476443,0.2822861848454046,1.2921501706484642,1.9910313901345291,1465,1115,-350,ZTMA208_slide_13.25kx21.95ky_7000x7000_9_20171115_337_27_Cy11x1_174_a0_full_ZTMA208_slide_13.25kx21.95ky_7000x7000_9_20171115_337_27_Cy11x1_174_a0_full_segmentation_masks.tif
0.8656870872759498,0.16524873252010314,1.3027295285359801,2.5123652504755865,2418,1577,-841,ZTMA208_slide_13.25kx21.95ky_7000x7000_9_20171115_338_27_Cy11x2_182_a0_full_ZTMA208_slide_13.25kx21.95ky_7000x7000_9_20171115_338_27_Cy11x2_182_a0_full_segmentation_masks.tif
0.9022126618490486,0.1555628591759176,1.4469914040114613,2.688581314878893,1745,1156,-589,ZTMA208_slide_13.25kx21.95ky_7000x7000_9_20171115_339_27_Cy11x3_190_a0_full_ZTMA208_slide_13.25kx21.95ky_7000x7000_9_20171115_339_27_Cy11x3_190_a0_full_segmentation_masks.tif
0.8297625477605073,0.21657337551715747,1.0646976090014064,2.05672268907563,711,476,-235,ZTMA208_slide_13.25kx21.95ky_7000x7000_9_20171115_340_27_Cy11x4_198_a0_full_ZTMA208_slide_13.25kx21.95ky_7000x7000_9_20171115_340_27_Cy11x4_198_a0_full_segmentation_masks.tif
0.8269487065577692,0.30812127714263365,1.0382119682768565,1.615819209039548,1387,1062,-325,ZTMA208_slide_13.25kx21.95ky_7000x7000_9_20171115_341_27_Cy11x5_206_a0_full_ZTMA208_slide_13.25kx21.95ky_7000x7000_9_20171115_341_27_Cy11x5_206_a0_full_segmentation_masks.tif
0.8097512437810945,0.32405757917709666,0.9221484610742305,1.4719367588932806,1657,1265,-392,ZTMA208_slide_13.25kx21.95ky_7000x7000_9_20171115_342_57_Cy11x6_214_a0_full_ZTMA208_slide_13.25kx21.95ky_7000x7000_9_20171115_342_57_Cy11x6_214_a0_full_segmentation_masks.tif
0.7556247285362676,0.27921620920843054,0.7557100297914597,1.2993197278911566,1007,735,-272,ZTMA208_slide_13.25kx21.95ky_7000x7000_9_20171115_343_57_Cy11x7_222_a0_full_ZTMA208_slide_13.25kx21.95ky_7000x7000_9_20171115_343_57_Cy11x7_222_a0_full_segmentation_masks.tif
0.815796581243419,0.32311158298158843,1.0413749204328453,1.5620860927152318,1571,1208,-363,ZTMA208_slide_13.25kx21.95ky_7000x7000_9_20171115_344_57_Cy11x8_230_a0_full_ZTMA208_slide_13.25kx21.95ky_7000x7000_9_20171115_344_57_Cy11x8_230_a0_full_segmentation_masks.tif
0.7008871519006152,0.22842421836137694,0.8709454796411318,1.622741764080765,1449,941,-508,ZTMA208_slide_13.25kx21.95ky_7000x7000_9_20171115_345_57_Cy12x1_238_a0_full_ZTMA208_slide_13.25kx21.95ky_7000x7000_9_20171115_345_57_Cy12x1_238_a0_full_segmentation_masks.tif
0.7349090459101596,0.33477585808199267,0.5627240143369175,1.190217391304348,279,184,-95,ZTMA208_slide_13.25kx21.95ky_7000x7000_9_20171115_346_57_Cy12x2_246_a0_full_ZTMA208_slide_13.25kx21.95ky_7000x7000_9_20171115_346_57_Cy12x2_246_a0_full_segmentation_masks.tif
0.8280320868420002,0.24806056757194267,0.7380073800738007,1.479892761394102,542,373,-169,ZTMA208_slide_13.25kx21.95ky_7000x7000_9_20171115_348_63_Cy12x4_254_a0_full_ZTMA208_slide_13.25kx21.95ky_7000x7000_9_20171115_348_63_Cy12x4_254_a0_full_segmentation_masks.tif
0.8342404941131055,0.3119112731692495,0.962059620596206,1.6141636141636142,1107,819,-288,ZTMA208_slide_13.25kx21.95ky_7000x7000_9_20171115_349_63_Cy12x5_262_a0_full_ZTMA208_slide_13.25kx21.95ky_7000x7000_9_20171115_349_63_Cy12x5_262_a0_full_segmentation_masks.tif
0.7926504206941691,0.3007872266916737,0.9397930385700847,1.7087912087912087,1063,728,-335,ZTMA208_slide_13.25kx21.95ky_7000x7000_9_20171115_350_63_Cy12x6_270_a0_full_ZTMA208_slide_13.25kx21.95ky_7000x7000_9_20171115_350_63_Cy12x6_270_a0_full_segmentation_masks.tif
0.8801272984441302,0.5768051296347924,0.2608695652173913,0.6470588235294118,23,17,-6,ZTMA208_slide_13.25kx21.95ky_7000x7000_9_20171115_351_63_Cy12x7_279_a0_full_ZTMA208_slide_13.25kx21.95ky_7000x7000_9_20171115_351_63_Cy12x7_279_a0_full_segmentation_masks.tif
0.8274650843852333,0.29923636363636363,0.9175627240143369,1.5903814262023217,837,603,-234,ZTMA208_slide_13.25kx21.95ky_7000x7000_9_20171115_352_8_Cy12x8_287_a0_full_ZTMA208_slide_13.25kx21.95ky_7000x7000_9_20171115_352_8_Cy12x8_287_a0_full_segmentation_masks.tif
0.8694895710657087,0.3081312334267341,1.2995983935742972,1.911495422177009,1245,983,-262,ZTMA208_slide_13.25kx21.95ky_7000x7000_9_20171115_353_8_Cy13x1_295_a0_full_ZTMA208_slide_13.25kx21.95ky_7000x7000_9_20171115_353_8_Cy13x1_295_a0_full_segmentation_masks.tif
0.7175887001849672,0.38527836012112743,0.19801980198019803,0.5857142857142857,101,70,-31,ZTMA208_slide_13.25kx21.95ky_7000x7000_9_20171115_354_8_Cy13x2_303_a0_full_ZTMA208_slide_13.25kx21.95ky_7000x7000_9_20171115_354_8_Cy13x2_303_a0_full_segmentation_masks.tif
0.815424483770204,0.3127198928711043,0.9372246696035242,1.5997001499250374,908,667,-241,ZTMA208_slide_13.25kx21.95ky_7000x7000_9_20171115_355_8_Cy13x3_312_a0_full_ZTMA208_slide_13.25kx21.95ky_7000x7000_9_20171115_355_8_Cy13x3_312_a0_full_segmentation_masks.tif
0.7697756238495771,0.42540684158087017,0.6153846153846154,0.8594594594594595,221,185,-36,ZTMA208_slide_13.25kx21.95ky_7000x7000_9_20171115_356_8_Cy13x4_320_a0_full_ZTMA208_slide_13.25kx21.95ky_7000x7000_9_20171115_356_8_Cy13x4_320_a0_full_segmentation_masks.tif
0.857153315014628,0.3166279409992943,1.395274329195034,1.8397129186602872,2497,2090,-407,ZTMA208_slide_13.25kx21.95ky_7000x7000_9_20171115_357_8_Cy13x5_328_a0_full_ZTMA208_slide_13.25kx21.95ky_7000x7000_9_20171115_357_8_Cy13x5_328_a0_full_segmentation_masks.tif
0.8145206843880248,0.31501520772165476,1.0864022662889519,1.645398773006135,2118,1630,-488,ZTMA208_slide_13.25kx21.95ky_7000x7000_9_20171115_358_60_Cy13x6_336_a0_full_ZTMA208_slide_13.25kx21.95ky_7000x7000_9_20171115_358_60_Cy13x6_336_a0_full_segmentation_masks.tif
0.8761899108030692,0.21312673743644403,1.4188280499519692,2.294078947368421,2082,1520,-562,ZTMA208_slide_13.25kx21.95ky_7000x7000_9_20171115_359_60_Cy13x7_344_a0_full_ZTMA208_slide_13.25kx21.95ky_7000x7000_9_20171115_359_60_Cy13x7_344_a0_full_segmentation_masks.tif
0.8595533733901513,0.29489652316293624,1.222457627118644,1.771371769383698,1888,1509,-379,ZTMA208_slide_13.25kx21.95ky_7000x7000_9_20171115_360_60_Cy13x8_352_a0_full_ZTMA208_slide_13.25kx21.95ky_7000x7000_9_20171115_360_60_Cy13x8_352_a0_full_segmentation_masks.tif
0.6712164788184998,0.3263843782541008,0.5018007202881153,0.9139072847682119,833,604,-229,ZTMA208_slide_13.25kx21.95ky_7000x7000_9_20171115_361_60_Cy14x1_360_a0_full_ZTMA208_slide_13.25kx21.95ky_7000x7000_9_20171115_361_60_Cy14x1_360_a0_full_segmentation_masks.tif
0.859678850964254,0.5787261146496815,0.2727272727272727,0.48936170212765956,55,47,-8,ZTMA208_slide_13.25kx21.95ky_7000x7000_9_20171115_362_60_Cy14x2_368_a0_full_ZTMA208_slide_13.25kx21.95ky_7000x7000_9_20171115_362_60_Cy14x2_368_a0_full_segmentation_masks.tif
0.7840755818608461,0.35802644675103085,0.7266591676040495,1.0843881856540085,889,711,-178,ZTMA208_slide_13.25kx21.95ky_7000x7000_9_20171115_363_28_Cy14x3_376_a0_full_ZTMA208_slide_13.25kx21.95ky_7000x7000_9_20171115_363_28_Cy14x3_376_a0_full_segmentation_masks.tif
0.8424476343293291,0.3241036359877805,0.9931972789115646,1.6216216216216217,588,444,-144,ZTMA208_slide_13.25kx21.95ky_7000x7000_9_20171115_364_28_Cy14x4_384_a0_full_ZTMA208_slide_13.25kx21.95ky_7000x7000_9_20171115_364_28_Cy14x4_384_a0_full_segmentation_masks.tif
0.8376879658486112,0.3639851600199444,0.9424882629107981,1.397080291970803,852,685,-167,ZTMA208_slide_13.25kx21.95ky_7000x7000_9_20171115_365_28_Cy14x5_393_a0_full_ZTMA208_slide_13.25kx21.95ky_7000x7000_9_20171115_365_28_Cy14x5_393_a0_full_segmentation_masks.tif
0.8869006410753923,0.19506340478893514,1.7526117843710822,2.7335972850678734,2393,1768,-625,ZTMA208_slide_13.25kx21.95ky_7000x7000_9_20171115_366_28_Cy14x6_401_a0_full_ZTMA208_slide_13.25kx21.95ky_7000x7000_9_20171115_366_28_Cy14x6_401_a0_full_segmentation_masks.tif
0.5557498318762609,0.2986899563318777,0.08823529411764706,0.28,34,25,-9,ZTMA208_slide_13.25kx21.95ky_7000x7000_9_20171115_367_28_Cy14x7_409_a0_full_ZTMA208_slide_13.25kx21.95ky_7000x7000_9_20171115_367_28_Cy14x7_409_a0_full_segmentation_masks.tif
0.8516723076199878,0.20110099513021384,1.1997792494481236,2.1938857602574418,1812,1243,-569,ZTMA208_slide_13.25kx21.95ky_7000x7000_9_20171115_368_28_Cy14x8_417_a0_full_ZTMA208_slide_13.25kx21.95ky_7000x7000_9_20171115_368_28_Cy14x8_417_a0_full_segmentation_masks.tif
0.6990189416967659,0.3225236871561224,0.5152329749103942,0.9833333333333333,1116,780,-336,ZTMA208_slide_13.25kx21.95ky_7000x7000_9_20171115_369_41_Cy15x1_425_a0_full_ZTMA208_slide_13.25kx21.95ky_7000x7000_9_20171115_369_41_Cy15x1_425_a0_full_segmentation_masks.tif
0.6984153501026203,0.32485969488577976,0.446311858076564,0.9774330042313117,1071,709,-362,ZTMA208_slide_13.25kx21.95ky_7000x7000_9_20171115_370_41_Cy15x2_433_a0_full_ZTMA208_slide_13.25kx21.95ky_7000x7000_9_20171115_370_41_Cy15x2_433_a0_full_segmentation_masks.tif
0.7741886367269876,0.27694551110679044,0.3895747599451303,1.3663366336633664,729,404,-325,ZTMA208_slide_13.25kx21.95ky_7000x7000_9_20171115_371_41_Cy15x3_441_a0_full_ZTMA208_slide_13.25kx21.95ky_7000x7000_9_20171115_371_41_Cy15x3_441_a0_full_segmentation_masks.tif
0.8651779860959358,0.2396942008356674,1.026566757493188,1.9625884732052579,1468,989,-479,ZTMA208_slide_13.25kx21.95ky_7000x7000_9_20171115_372_41_Cy15x4_457_a0_full_ZTMA208_slide_13.25kx21.95ky_7000x7000_9_20171115_372_41_Cy15x4_457_a0_full_segmentation_masks.tif
0.8062503023559576,0.41932161494095027,0.2767857142857143,0.6022727272727273,112,88,-24,ZTMA208_slide_13.25kx21.95ky_7000x7000_9_20171115_373_41_Cy15x5_449_a0_full_ZTMA208_slide_13.25kx21.95ky_7000x7000_9_20171115_373_41_Cy15x5_449_a0_full_segmentation_masks.tif
0.9410612160716357,0.1252707616137392,1.9786111924992675,3.344724476719351,3413,2341,-1072,ZTMA208_slide_20.73kx15.16ky_7000x7000_6_20171115_129_16_By1x1_12_a0_full_ZTMA208_slide_20.73kx15.16ky_7000x7000_6_20171115_129_16_By1x1_12_a0_full_segmentation_masks.tif
0.8668343328819242,0.236672483674848,1.1599297012302285,1.9789983844911148,1707,1238,-469,ZTMA208_slide_20.73kx15.16ky_7000x7000_6_20171115_130_24_By1x2_30_a0_full_ZTMA208_slide_20.73kx15.16ky_7000x7000_6_20171115_130_24_By1x2_30_a0_full_segmentation_masks.tif
0.8154952785972944,0.331034980923675,0.9015503875968992,1.3948412698412698,1290,1008,-282,ZTMA208_slide_20.73kx15.16ky_7000x7000_6_20171115_131_24_By1x3_48_a0_full_ZTMA208_slide_20.73kx15.16ky_7000x7000_6_20171115_131_24_By1x3_48_a0_full_segmentation_masks.tif
0.8229255150059148,0.273128367081553,0.8222730739893211,1.6401816118047674,1311,881,-430,ZTMA208_slide_20.73kx15.16ky_7000x7000_6_20171115_132_24_By1x4_60_a0_full_ZTMA208_slide_20.73kx15.16ky_7000x7000_6_20171115_132_24_By1x4_60_a0_full_segmentation_masks.tif
0.8062679421273998,0.37658450126366233,0.9001536098310292,1.288679245283019,1302,1060,-242,ZTMA208_slide_20.73kx15.16ky_7000x7000_6_20171115_133_24_By1x5_68_a0_full_ZTMA208_slide_20.73kx15.16ky_7000x7000_6_20171115_133_24_By1x5_68_a0_full_segmentation_masks.tif
0.8301683857885921,0.3016834785003615,0.5701298701298702,1.2848837209302326,770,516,-254,ZTMA208_slide_20.73kx15.16ky_7000x7000_6_20171115_136_56_By1x8_84_a0_full_ZTMA208_slide_20.73kx15.16ky_7000x7000_6_20171115_136_56_By1x8_84_a0_full_segmentation_masks.tif
0.8772295369049163,0.1283407050299823,0.4444444444444444,2.7818991097922847,1791,674,-1117,ZTMA208_slide_20.73kx15.16ky_7000x7000_6_20171115_137_56_By2x1_92_a0_full_ZTMA208_slide_20.73kx15.16ky_7000x7000_6_20171115_137_56_By2x1_92_a0_full_segmentation_masks.tif
0.7939055145936742,0.279451660637948,0.8971148611867175,1.4996315401621223,1837,1357,-480,ZTMA208_slide_20.73kx15.16ky_7000x7000_6_20171115_138_56_By2x2_100_a0_full_ZTMA208_slide_20.73kx15.16ky_7000x7000_6_20171115_138_56_By2x2_100_a0_full_segmentation_masks.tif
0.8564772099596688,0.11603311591258171,0.9645788336933045,3.229383886255924,2315,1055,-1260,ZTMA208_slide_20.73kx15.16ky_7000x7000_6_20171115_139_56_By2x3_106_a0_full_ZTMA208_slide_20.73kx15.16ky_7000x7000_6_20171115_139_56_By2x3_106_a0_full_segmentation_masks.tif
0.6826722338204593,0.30818853887083864,0.3089005235602094,1.1428571428571428,191,91,-100,ZTMA208_slide_20.73kx15.16ky_7000x7000_6_20171115_140_56_By2x4_114_a0_full_ZTMA208_slide_20.73kx15.16ky_7000x7000_6_20171115_140_56_By2x4_114_a0_full_segmentation_masks.tif
0.777704622156331,0.2598640323909185,0.9110966904607398,1.6453703703703704,1541,1080,-461,ZTMA208_slide_20.73kx15.16ky_7000x7000_6_20171115_141_49_By2x5_122_a0_full_ZTMA208_slide_20.73kx15.16ky_7000x7000_6_20171115_141_49_By2x5_122_a0_full_segmentation_masks.tif
0.7172060914692692,0.3229623912658981,0.5433579335793358,1.0196850393700787,1084,762,-322,ZTMA208_slide_20.73kx15.16ky_7000x7000_6_20171115_142_49_By2x6_128_a0_full_ZTMA208_slide_20.73kx15.16ky_7000x7000_6_20171115_142_49_By2x6_128_a0_full_segmentation_masks.tif
0.847717406724358,0.3060088635925712,1.2865384615384616,1.821917808219178,2080,1679,-401,ZTMA208_slide_20.73kx15.16ky_7000x7000_6_20171115_143_49_By2x7_136_a0_full_ZTMA208_slide_20.73kx15.16ky_7000x7000_6_20171115_143_49_By2x7_136_a0_full_segmentation_masks.tif
0.8433077320057072,0.2931528574905588,1.1283316880552814,1.74400518470512,2026,1543,-483,ZTMA208_slide_20.73kx15.16ky_7000x7000_6_20171115_144_49_By2x8_144_a0_full_ZTMA208_slide_20.73kx15.16ky_7000x7000_6_20171115_144_49_By2x8_144_a0_full_segmentation_masks.tif
0.8354111133893787,0.25018424644804893,1.0963611859838276,1.9177033492822966,1484,1045,-439,ZTMA208_slide_20.73kx15.16ky_7000x7000_6_20171115_145_49_By3x1_152_a0_full_ZTMA208_slide_20.73kx15.16ky_7000x7000_6_20171115_145_49_By3x1_152_a0_full_segmentation_masks.tif
0.7601769846135663,0.34667283407192984,0.6216511755057409,1.0215827338129497,1829,1390,-439,ZTMA208_slide_20.73kx15.16ky_7000x7000_6_20171115_146_48_By3x2_163_a0_full_ZTMA208_slide_20.73kx15.16ky_7000x7000_6_20171115_146_48_By3x2_163_a0_full_segmentation_masks.tif
0.8636311597402809,0.24469189585326628,1.0895765472312704,2.0141509433962264,614,424,-190,ZTMA208_slide_20.73kx15.16ky_7000x7000_6_20171115_147_48_By3x3_171_a0_full_ZTMA208_slide_20.73kx15.16ky_7000x7000_6_20171115_147_48_By3x3_171_a0_full_segmentation_masks.tif
0.7973471046215954,0.21250166871150045,0.9863945578231292,2.1783166904422253,1176,701,-475,ZTMA208_slide_20.73kx15.16ky_7000x7000_6_20171115_148_48_By3x4_179_a0_full_ZTMA208_slide_20.73kx15.16ky_7000x7000_6_20171115_148_48_By3x4_179_a0_full_segmentation_masks.tif
0.8870998465527277,0.23247381669731712,1.5273654916512058,2.3062462098241356,2156,1649,-507,ZTMA208_slide_20.73kx15.16ky_7000x7000_6_20171115_149_48_By3x5_187_a0_full_ZTMA208_slide_20.73kx15.16ky_7000x7000_6_20171115_149_48_By3x5_187_a0_full_segmentation_masks.tif
0.024976500604270174,0.0033104297784706583,0.15384615384615385,0.2647058823529412,26,34,8,ZTMA208_slide_20.73kx15.16ky_7000x7000_6_20171115_150_48_By3x6_195_a0_full_ZTMA208_slide_20.73kx15.16ky_7000x7000_6_20171115_150_48_By3x6_195_a0_full_segmentation_masks.tif
0.8670518684963754,0.25092858433553517,1.2830578512396693,2.1092318534178998,1936,1419,-517,ZTMA208_slide_20.73kx15.16ky_7000x7000_6_20171115_151_48_By3x7_203_a0_full_ZTMA208_slide_20.73kx15.16ky_7000x7000_6_20171115_151_48_By3x7_203_a0_full_segmentation_masks.tif
0.8127506830204034,0.30426418116254494,1.1180942726811962,1.7049608355091384,1973,1532,-441,ZTMA208_slide_20.73kx15.16ky_7000x7000_6_20171115_152_9_By3x8_211_a0_full_ZTMA208_slide_20.73kx15.16ky_7000x7000_6_20171115_152_9_By3x8_211_a0_full_segmentation_masks.tif
0.7749442142174051,0.2229065959769219,0.4506578947368421,1.5,304,172,-132,ZTMA208_slide_20.73kx15.16ky_7000x7000_6_20171115_153_9_By4x1_219_a0_full_ZTMA208_slide_20.73kx15.16ky_7000x7000_6_20171115_153_9_By4x1_219_a0_full_segmentation_masks.tif
0.8103050586280789,0.32719580236340745,0.7969432314410481,1.3266090297790587,1374,1041,-333,ZTMA208_slide_20.73kx15.16ky_7000x7000_6_20171115_154_9_By4x2_227_a0_full_ZTMA208_slide_20.73kx15.16ky_7000x7000_6_20171115_154_9_By4x2_227_a0_full_segmentation_masks.tif
0.7794403220520546,0.3332833338768057,0.7739628040057225,1.34167468719923,1398,1039,-359,ZTMA208_slide_20.73kx15.16ky_7000x7000_6_20171115_155_9_By4x3_235_a0_full_ZTMA208_slide_20.73kx15.16ky_7000x7000_6_20171115_155_9_By4x3_235_a0_full_segmentation_masks.tif
0.8226832464917048,0.39774808989768107,0.4578313253012048,0.9047619047619048,166,126,-40,ZTMA208_slide_20.73kx15.16ky_7000x7000_6_20171115_156_9_By4x4_243_a0_full_ZTMA208_slide_20.73kx15.16ky_7000x7000_6_20171115_156_9_By4x4_243_a0_full_segmentation_masks.tif
0.9044821984251805,0.253459648530238,1.3813119395941482,2.0830788026878437,2119,1637,-482,ZTMA208_slide_20.73kx15.16ky_7000x7000_6_20171115_157_9_By4x5_251_a0_full_ZTMA208_slide_20.73kx15.16ky_7000x7000_6_20171115_157_9_By4x5_251_a0_full_segmentation_masks.tif
0.8006709422792304,0.34158448606790653,0.8154538634658665,1.2659675881792183,1333,1049,-284,ZTMA208_slide_20.73kx15.16ky_7000x7000_6_20171115_158_38_By4x6_259_a0_full_ZTMA208_slide_20.73kx15.16ky_7000x7000_6_20171115_158_38_By4x6_259_a0_full_segmentation_masks.tif
0.7914055427514334,0.3378991159037851,0.7682843472317157,1.2531531531531532,1463,1110,-353,ZTMA208_slide_20.73kx15.16ky_7000x7000_6_20171115_159_38_By4x7_267_a0_full_ZTMA208_slide_20.73kx15.16ky_7000x7000_6_20171115_159_38_By4x7_267_a0_full_segmentation_masks.tif
0.8103258446391687,0.34028074197836505,0.8078242964996568,1.3272727272727274,1457,1100,-357,ZTMA208_slide_20.73kx15.16ky_7000x7000_6_20171115_160_38_By4x8_276_a0_full_ZTMA208_slide_20.73kx15.16ky_7000x7000_6_20171115_160_38_By4x8_276_a0_full_segmentation_masks.tif
0.8329242021942789,0.3246399893821753,0.9098360655737705,1.4598930481283423,244,187,-57,ZTMA208_slide_20.73kx15.16ky_7000x7000_6_20171115_162_38_By5x2_284_a0_full_ZTMA208_slide_20.73kx15.16ky_7000x7000_6_20171115_162_38_By5x2_284_a0_full_segmentation_masks.tif
0.8356282899880128,0.312344395502175,0.935871743486974,1.4884910485933505,499,391,-108,ZTMA208_slide_20.73kx15.16ky_7000x7000_6_20171115_163_58_By5x3_292_a0_full_ZTMA208_slide_20.73kx15.16ky_7000x7000_6_20171115_163_58_By5x3_292_a0_full_segmentation_masks.tif
0.7932505450753626,0.39855226175955877,0.6363636363636364,0.9138755980861244,242,209,-33,ZTMA208_slide_20.73kx15.16ky_7000x7000_6_20171115_164_58_By5x4_300_a0_full_ZTMA208_slide_20.73kx15.16ky_7000x7000_6_20171115_164_58_By5x4_300_a0_full_segmentation_masks.tif
0.7630509393063584,0.38703413717507046,0.32061068702290074,0.7377049180327869,262,183,-79,ZTMA208_slide_20.73kx15.16ky_7000x7000_6_20171115_165_58_By5x5_308_a0_full_ZTMA208_slide_20.73kx15.16ky_7000x7000_6_20171115_165_58_By5x5_308_a0_full_segmentation_masks.tif
0.8175455729166666,0.43467600700525394,0.6136363636363636,0.8928571428571429,132,112,-20,ZTMA208_slide_20.73kx15.16ky_7000x7000_6_20171115_166_58_By5x6_317_a0_full_ZTMA208_slide_20.73kx15.16ky_7000x7000_6_20171115_166_58_By5x6_317_a0_full_segmentation_masks.tif
0.8305468258956631,0.41585832517575866,0.2714285714285714,0.4852941176470588,70,68,-2,ZTMA208_slide_20.73kx15.16ky_7000x7000_6_20171115_167_58_By5x7_325_a0_full_ZTMA208_slide_20.73kx15.16ky_7000x7000_6_20171115_167_58_By5x7_325_a0_full_segmentation_masks.tif
0.882606402401915,0.19233522969155153,1.241488519398258,2.278745644599303,1263,861,-402,ZTMA208_slide_20.73kx15.16ky_7000x7000_6_20171115_168_11_By5x8_333_a0_full_ZTMA208_slide_20.73kx15.16ky_7000x7000_6_20171115_168_11_By5x8_333_a0_full_segmentation_masks.tif
0.8144201772822809,0.24672454257525006,0.5338842975206611,1.4453551912568305,605,366,-239,ZTMA208_slide_20.73kx15.16ky_7000x7000_6_20171115_169_11_By6x1_341_a0_full_ZTMA208_slide_20.73kx15.16ky_7000x7000_6_20171115_169_11_By6x1_341_a0_full_segmentation_masks.tif
0.7491018941868061,0.313969237371096,0.34717607973421927,0.8841309823677582,602,397,-205,ZTMA208_slide_20.73kx15.16ky_7000x7000_6_20171115_170_11_By6x2_349_a0_full_ZTMA208_slide_20.73kx15.16ky_7000x7000_6_20171115_170_11_By6x2_349_a0_full_segmentation_masks.tif
0.8178335188944921,0.22144671319720816,0.4869109947643979,1.6634146341463414,764,410,-354,ZTMA208_slide_20.73kx15.16ky_7000x7000_6_20171115_171_11_By6x3_357_a0_full_ZTMA208_slide_20.73kx15.16ky_7000x7000_6_20171115_171_11_By6x3_357_a0_full_segmentation_masks.tif
0.8062380792101425,0.4388802789616428,0.3374485596707819,0.6931818181818182,243,176,-67,ZTMA208_slide_20.73kx15.16ky_7000x7000_6_20171115_172_11_By6x4_365_a0_full_ZTMA208_slide_20.73kx15.16ky_7000x7000_6_20171115_172_11_By6x4_365_a0_full_segmentation_masks.tif
0.8242488171401928,0.3318165160029318,0.47522236340533675,1.144486692015209,787,526,-261,ZTMA208_slide_20.73kx15.16ky_7000x7000_6_20171115_173_36_By6x5_373_a0_full_ZTMA208_slide_20.73kx15.16ky_7000x7000_6_20171115_173_36_By6x5_373_a0_full_segmentation_masks.tif
0.7316704309152596,0.3201155841597163,0.31968503937007875,0.8765432098765432,635,405,-230,ZTMA208_slide_20.73kx15.16ky_7000x7000_6_20171115_174_36_By6x6_381_a0_full_ZTMA208_slide_20.73kx15.16ky_7000x7000_6_20171115_174_36_By6x6_381_a0_full_segmentation_masks.tif
0.7904425604963182,0.27218478661705053,0.5354381443298969,1.2590361445783131,1552,996,-556,ZTMA208_slide_20.73kx15.16ky_7000x7000_6_20171115_175_36_By6x7_390_a0_full_ZTMA208_slide_20.73kx15.16ky_7000x7000_6_20171115_175_36_By6x7_390_a0_full_segmentation_masks.tif
0.7667202449292001,0.3001293661060802,0.22113022113022113,0.8674698795180723,407,249,-158,ZTMA208_slide_20.73kx15.16ky_7000x7000_6_20171115_176_36_By6x8_398_a0_full_ZTMA208_slide_20.73kx15.16ky_7000x7000_6_20171115_176_36_By6x8_398_a0_full_segmentation_masks.tif
0.8167288710872986,0.32780204789943534,0.806910569105691,1.4233983286908078,492,359,-133,ZTMA208_slide_20.73kx15.16ky_7000x7000_6_20171115_177_36_By7x1_406_a0_full_ZTMA208_slide_20.73kx15.16ky_7000x7000_6_20171115_177_36_By7x1_406_a0_full_segmentation_masks.tif
0.9063564099513312,0.22998390210248298,1.6677316293929711,2.5134680134680134,1565,1188,-377,ZTMA208_slide_20.73kx15.16ky_7000x7000_6_20171115_178_40_By7x2_414_a0_full_ZTMA208_slide_20.73kx15.16ky_7000x7000_6_20171115_178_40_By7x2_414_a0_full_segmentation_masks.tif
0.7592275580382617,0.4292704912755135,0.4105793450881612,0.737785016286645,794,614,-180,ZTMA208_slide_20.73kx15.16ky_7000x7000_6_20171115_179_40_By7x3_422_a0_full_ZTMA208_slide_20.73kx15.16ky_7000x7000_6_20171115_179_40_By7x3_422_a0_full_segmentation_masks.tif
0.8864231223467075,0.20572671118209632,1.2163424124513618,2.2324263038548753,1285,882,-403,ZTMA208_slide_20.73kx15.16ky_7000x7000_6_20171115_180_40_By7x4_430_a0_full_ZTMA208_slide_20.73kx15.16ky_7000x7000_6_20171115_180_40_By7x4_430_a0_full_segmentation_masks.tif
0.8200438310726766,0.3183458012525183,0.6484848484848484,1.2067039106145252,495,358,-137,ZTMA208_slide_20.73kx15.16ky_7000x7000_6_20171115_181_40_By7x5_438_a0_full_ZTMA208_slide_20.73kx15.16ky_7000x7000_6_20171115_181_40_By7x5_438_a0_full_segmentation_masks.tif
0.867329437881904,0.28152503829722453,1.4106382978723404,2.050477489768076,940,733,-207,ZTMA208_slide_20.73kx15.16ky_7000x7000_6_20171115_182_40_By7x6_446_a0_full_ZTMA208_slide_20.73kx15.16ky_7000x7000_6_20171115_182_40_By7x6_446_a0_full_segmentation_masks.tif
0.8190175166503885,0.26010563293174677,0.8436123348017621,1.6575492341356675,1362,914,-448,ZTMA208_slide_20.73kx15.16ky_7000x7000_6_20171115_185_46_By8x1_454_a0_full_ZTMA208_slide_20.73kx15.16ky_7000x7000_6_20171115_185_46_By8x1_454_a0_full_segmentation_masks.tif
0.7831505841890196,0.21879864944097369,0.719082719082719,1.6671140939597315,1221,745,-476,ZTMA208_slide_20.73kx15.16ky_7000x7000_6_20171115_186_46_By8x2_462_a0_full_ZTMA208_slide_20.73kx15.16ky_7000x7000_6_20171115_186_46_By8x2_462_a0_full_segmentation_masks.tif
0.8036198927370576,0.3235784518058995,0.8002958579881657,1.4344262295081966,676,488,-188,ZTMA208_slide_20.73kx15.16ky_7000x7000_6_20171115_187_46_By8x3_470_a0_full_ZTMA208_slide_20.73kx15.16ky_7000x7000_6_20171115_187_46_By8x3_470_a0_full_segmentation_masks.tif
0.819331867483726,0.3025669125871361,0.6393688955672426,1.2830802603036877,1331,922,-409,ZTMA208_slide_20.73kx15.16ky_7000x7000_6_20171115_188_32_By8x4_478_a0_full_ZTMA208_slide_20.73kx15.16ky_7000x7000_6_20171115_188_32_By8x4_478_a0_full_segmentation_masks.tif
0.7387449937766187,0.384284491953538,0.24076433121019108,0.5390070921985816,785,564,-221,ZTMA208_slide_20.73kx15.16ky_7000x7000_6_20171115_189_32_By8x5_486_a0_full_ZTMA208_slide_20.73kx15.16ky_7000x7000_6_20171115_189_32_By8x5_486_a0_full_segmentation_masks.tif
0.5728363270145201,0.33205974001715105,0.24915824915824916,0.45,891,660,-231,ZTMA208_slide_20.73kx15.16ky_7000x7000_6_20171115_190_32_By8x6_493_a0_full_ZTMA208_slide_20.73kx15.16ky_7000x7000_6_20171115_190_32_By8x6_493_a0_full_segmentation_masks.tif
0.7687763876515474,0.4302650896097061,0.669449081803005,0.8918918918918919,599,518,-81,ZTMA208_slide_20.73kx15.16ky_7000x7000_6_20171115_191_32_By8x7_500_a0_full_ZTMA208_slide_20.73kx15.16ky_7000x7000_6_20171115_191_32_By8x7_500_a0_full_segmentation_masks.tif
0.6796997442877175,0.3358677685950413,0.16666666666666666,0.7142857142857143,54,28,-26,ZTMA208_slide_20.73kx15.16ky_7000x7000_6_20171115_192_32_By8x8_507_a0_full_ZTMA208_slide_20.73kx15.16ky_7000x7000_6_20171115_192_32_By8x8_507_a0_full_segmentation_masks.tif
0.8267949062131593,0.3831499584278461,0.9511941848390446,1.3375796178343948,963,785,-178,ZTMA208_slide_20.73kx15.16ky_7000x7000_6_20171127_135_24_By1x7_524_a0_full_ZTMA208_slide_20.73kx15.16ky_7000x7000_6_20171127_135_24_By1x7_524_a0_full_segmentation_masks.tif
0.7682721252257676,0.35266093896331285,0.5305755395683454,0.9855421686746988,556,415,-141,ZTMA208_slide_20.73kx22.16ky_7000x7000_7_20171115_193_62_By9x1_15_a0_full_ZTMA208_slide_20.73kx22.16ky_7000x7000_7_20171115_193_62_By9x1_15_a0_full_segmentation_masks.tif
0.7930310688998905,0.31529551912040504,0.885036496350365,1.4121863799283154,1096,837,-259,ZTMA208_slide_20.73kx22.16ky_7000x7000_7_20171115_194_62_By9x2_33_a0_full_ZTMA208_slide_20.73kx22.16ky_7000x7000_7_20171115_194_62_By9x2_33_a0_full_segmentation_masks.tif
0.8172387462052781,0.23838335691001908,0.8404840484048405,1.7243697478991598,909,595,-314,ZTMA208_slide_20.73kx22.16ky_7000x7000_7_20171115_195_62_By9x3_51_a0_full_ZTMA208_slide_20.73kx22.16ky_7000x7000_7_20171115_195_62_By9x3_51_a0_full_segmentation_masks.tif
0.914346969291861,0.18435334856050456,1.7979990471653169,2.764404609475032,2099,1562,-537,ZTMA208_slide_20.73kx22.16ky_7000x7000_7_20171115_196_62_By9x4_61_a0_full_ZTMA208_slide_20.73kx22.16ky_7000x7000_7_20171115_196_62_By9x4_61_a0_full_segmentation_masks.tif
0.826510333863275,0.42187058491099183,0.0784313725490196,0.43902439024390244,51,41,-10,ZTMA208_slide_20.73kx22.16ky_7000x7000_7_20171115_197_62_By9x5_69_a0_full_ZTMA208_slide_20.73kx22.16ky_7000x7000_7_20171115_197_62_By9x5_69_a0_full_segmentation_masks.tif
0.851918097574271,0.2433600203329521,1.3076923076923077,1.9757462686567164,702,536,-166,ZTMA208_slide_20.73kx22.16ky_7000x7000_7_20171115_198_30_By9x6_77_a0_full_ZTMA208_slide_20.73kx22.16ky_7000x7000_7_20171115_198_30_By9x6_77_a0_full_segmentation_masks.tif
0.1020002339454907,0.04498227600537832,0.05263157894736842,0.11764705882352941,38,17,-21,ZTMA208_slide_20.73kx22.16ky_7000x7000_7_20171115_200_30_By9x8_85_a0_full_ZTMA208_slide_20.73kx22.16ky_7000x7000_7_20171115_200_30_By9x8_85_a0_full_segmentation_masks.tif
0.7837429775280899,0.3653906081453604,0.3170028818443804,0.694980694980695,347,259,-88,ZTMA208_slide_20.73kx22.16ky_7000x7000_7_20171115_201_30_By10x1_93_a0_full_ZTMA208_slide_20.73kx22.16ky_7000x7000_7_20171115_201_30_By10x1_93_a0_full_segmentation_masks.tif
0.6837273991655076,0.4800329353643475,0.1,0.08333333333333333,20,24,4,ZTMA208_slide_20.73kx22.16ky_7000x7000_7_20171115_202_30_By10x2_101_a0_full_ZTMA208_slide_20.73kx22.16ky_7000x7000_7_20171115_202_30_By10x2_101_a0_full_segmentation_masks.tif
0.792266830756866,0.3123212946711822,0.7923728813559322,1.3752941176470588,1180,850,-330,ZTMA208_slide_20.73kx22.16ky_7000x7000_7_20171115_204_10_By10x4_115_a0_full_ZTMA208_slide_20.73kx22.16ky_7000x7000_7_20171115_204_10_By10x4_115_a0_full_segmentation_masks.tif
0.6892708362071344,0.27135170778587614,0.5,1.1121621621621622,1130,740,-390,ZTMA208_slide_20.73kx22.16ky_7000x7000_7_20171115_205_10_By10x5_123_a0_full_ZTMA208_slide_20.73kx22.16ky_7000x7000_7_20171115_205_10_By10x5_123_a0_full_segmentation_masks.tif
0.7571534436684557,0.3589285060361559,0.6408288564850345,1.0244857982370226,1303,1021,-282,ZTMA208_slide_20.73kx22.16ky_7000x7000_7_20171115_206_10_By10x6_129_a0_full_ZTMA208_slide_20.73kx22.16ky_7000x7000_7_20171115_206_10_By10x6_129_a0_full_segmentation_masks.tif
0.7015931868980274,0.30591808410662386,0.6059451219512195,1.128787878787879,1312,924,-388,ZTMA208_slide_20.73kx22.16ky_7000x7000_7_20171115_207_10_By10x7_137_a0_full_ZTMA208_slide_20.73kx22.16ky_7000x7000_7_20171115_207_10_By10x7_137_a0_full_segmentation_masks.tif
0.7975483230324094,0.4380077798020582,0.3498233215547703,0.5860655737704918,283,244,-39,ZTMA208_slide_20.73kx22.16ky_7000x7000_7_20171115_208_10_By10x8_145_a0_full_ZTMA208_slide_20.73kx22.16ky_7000x7000_7_20171115_208_10_By10x8_145_a0_full_segmentation_masks.tif
0.7306009874818171,0.3356801626763604,0.6020408163265306,1.0533596837944663,1372,1012,-360,ZTMA208_slide_20.73kx22.16ky_7000x7000_7_20171115_209_45_By11x1_153_a0_full_ZTMA208_slide_20.73kx22.16ky_7000x7000_7_20171115_209_45_By11x1_153_a0_full_segmentation_masks.tif
0.784405339208955,0.283332070993966,0.9101958136394328,1.678082191780822,1481,1022,-459,ZTMA208_slide_20.73kx22.16ky_7000x7000_7_20171115_210_45_By11x2_164_a0_full_ZTMA208_slide_20.73kx22.16ky_7000x7000_7_20171115_210_45_By11x2_164_a0_full_segmentation_masks.tif
0.7937141380201602,0.4074004015947385,0.5819672131147541,0.874251497005988,610,501,-109,ZTMA208_slide_20.73kx22.16ky_7000x7000_7_20171115_211_45_By11x3_172_a0_full_ZTMA208_slide_20.73kx22.16ky_7000x7000_7_20171115_211_45_By11x3_172_a0_full_segmentation_masks.tif
0.7613115026212531,0.25000576355588344,0.7631926121372031,1.535960591133005,1516,1015,-501,ZTMA208_slide_20.73kx22.16ky_7000x7000_7_20171115_212_45_By11x4_180_a0_full_ZTMA208_slide_20.73kx22.16ky_7000x7000_7_20171115_212_45_By11x4_180_a0_full_segmentation_masks.tif
0.7546784620619258,0.26972926267281105,0.21052631578947367,0.4411764705882353,38,34,-4,ZTMA208_slide_20.73kx22.16ky_7000x7000_7_20171115_213_45_By11x5_188_a0_full_ZTMA208_slide_20.73kx22.16ky_7000x7000_7_20171115_213_45_By11x5_188_a0_full_segmentation_masks.tif
0.8062643135051379,0.3448246251781799,0.7335041639974376,1.2595486111111112,1561,1152,-409,ZTMA208_slide_20.73kx22.16ky_7000x7000_7_20171115_214_53_By11x6_196_a0_full_ZTMA208_slide_20.73kx22.16ky_7000x7000_7_20171115_214_53_By11x6_196_a0_full_segmentation_masks.tif
0.8347424472940665,0.33099014268873894,0.9189453125,1.5025974025974025,1024,770,-254,ZTMA208_slide_20.73kx22.16ky_7000x7000_7_20171115_215_53_By11x7_204_a0_full_ZTMA208_slide_20.73kx22.16ky_7000x7000_7_20171115_215_53_By11x7_204_a0_full_segmentation_masks.tif
0.8528511945565795,0.2868782493986188,0.9493528418683174,1.6299694189602447,1777,1308,-469,ZTMA208_slide_20.73kx22.16ky_7000x7000_7_20171115_216_53_By11x8_212_a0_full_ZTMA208_slide_20.73kx22.16ky_7000x7000_7_20171115_216_53_By11x8_212_a0_full_segmentation_masks.tif
0.8100898539872707,0.23870412084271897,1.0863636363636364,1.8526448362720402,1100,794,-306,ZTMA208_slide_20.73kx22.16ky_7000x7000_7_20171115_217_53_By12x1_220_a0_full_ZTMA208_slide_20.73kx22.16ky_7000x7000_7_20171115_217_53_By12x1_220_a0_full_segmentation_masks.tif
0.24851330203442878,0.06927710843373494,0.06557377049180328,1.2352941176470589,122,17,-105,ZTMA208_slide_20.73kx22.16ky_7000x7000_7_20171115_218_53_By12x2_228_a0_full_ZTMA208_slide_20.73kx22.16ky_7000x7000_7_20171115_218_53_By12x2_228_a0_full_segmentation_masks.tif
0.43365310552482317,0.08572815420424108,0.6093617021276596,2.5489130434782608,5875,1656,-4219,ZTMA208_slide_20.73kx22.16ky_7000x7000_7_20171115_219_53_By12x3_236_a0_full_ZTMA208_slide_20.73kx22.16ky_7000x7000_7_20171115_219_53_By12x3_236_a0_full_segmentation_masks.tif
0.8624158162999768,0.42001458401080005,1.1927339901477831,1.5408532176428056,1624,1383,-241,ZTMA208_slide_20.73kx22.16ky_7000x7000_7_20171115_220_29_By12x4_244_a0_full_ZTMA208_slide_20.73kx22.16ky_7000x7000_7_20171115_220_29_By12x4_244_a0_full_segmentation_masks.tif
0.8767906814453934,0.3780664818201836,1.5290482076637824,1.8450802512212143,1618,1433,-185,ZTMA208_slide_20.73kx22.16ky_7000x7000_7_20171115_221_29_By12x5_252_a0_full_ZTMA208_slide_20.73kx22.16ky_7000x7000_7_20171115_221_29_By12x5_252_a0_full_segmentation_masks.tif
0.8617475347102977,0.38193343898573695,1.366497461928934,1.565169769989047,985,913,-72,ZTMA208_slide_20.73kx22.16ky_7000x7000_7_20171115_222_29_By12x6_260_a0_full_ZTMA208_slide_20.73kx22.16ky_7000x7000_7_20171115_222_29_By12x6_260_a0_full_segmentation_masks.tif
0.8627697596662789,0.3600389631987836,1.3025089605734768,1.72991452991453,1395,1170,-225,ZTMA208_slide_20.73kx22.16ky_7000x7000_7_20171115_223_29_By12x7_268_a0_full_ZTMA208_slide_20.73kx22.16ky_7000x7000_7_20171115_223_29_By12x7_268_a0_full_segmentation_masks.tif
0.7995495180402635,0.23763516262802034,1.1660649819494584,1.9722921914357683,1108,794,-314,ZTMA208_slide_20.73kx22.16ky_7000x7000_7_20171115_224_29_By12x8_277_a0_full_ZTMA208_slide_20.73kx22.16ky_7000x7000_7_20171115_224_29_By12x8_277_a0_full_segmentation_masks.tif
0.7861505558659756,0.401504991133874,0.5668604651162791,0.9070904645476773,1032,818,-214,ZTMA208_slide_20.73kx22.16ky_7000x7000_7_20171115_225_70_By13x1_285_a0_full_ZTMA208_slide_20.73kx22.16ky_7000x7000_7_20171115_225_70_By13x1_285_a0_full_segmentation_masks.tif
0.7279682975156226,0.377435337588176,0.3532668881506091,0.7145038167938931,903,655,-248,ZTMA208_slide_20.73kx22.16ky_7000x7000_7_20171115_226_70_By13x2_293_a0_full_ZTMA208_slide_20.73kx22.16ky_7000x7000_7_20171115_226_70_By13x2_293_a0_full_segmentation_masks.tif
0.7413687901279541,0.41753375848803287,0.27933673469387754,0.5932203389830508,784,590,-194,ZTMA208_slide_20.73kx22.16ky_7000x7000_7_20171115_227_70_By13x3_301_a0_full_ZTMA208_slide_20.73kx22.16ky_7000x7000_7_20171115_227_70_By13x3_301_a0_full_segmentation_masks.tif
0.8053997457183457,0.34124108184018154,0.3988522238163558,1.063063063063063,697,444,-253,ZTMA208_slide_20.73kx22.16ky_7000x7000_7_20171115_228_70_By13x4_309_a0_full_ZTMA208_slide_20.73kx22.16ky_7000x7000_7_20171115_228_70_By13x4_309_a0_full_segmentation_masks.tif
0.7791843882912184,0.436426363832387,0.19166666666666668,0.41414141414141414,120,99,-21,ZTMA208_slide_20.73kx22.16ky_7000x7000_7_20171115_229_70_By13x5_318_a0_full_ZTMA208_slide_20.73kx22.16ky_7000x7000_7_20171115_229_70_By13x5_318_a0_full_segmentation_masks.tif
0.7797557093001898,0.36201972189213416,0.4476744186046512,0.9205087440381559,860,629,-231,ZTMA208_slide_20.73kx22.16ky_7000x7000_7_20171115_230_15_By13x6_326_a0_full_ZTMA208_slide_20.73kx22.16ky_7000x7000_7_20171115_230_15_By13x6_326_a0_full_segmentation_masks.tif
0.8192309844965578,0.2940537408560875,0.5667808219178082,1.309278350515464,584,388,-196,ZTMA208_slide_20.73kx22.16ky_7000x7000_7_20171115_231_15_By13x7_334_a0_full_ZTMA208_slide_20.73kx22.16ky_7000x7000_7_20171115_231_15_By13x7_334_a0_full_segmentation_masks.tif
0.7382646450410311,0.3362087949638922,0.44194107452339687,0.9543726235741445,1154,789,-365,ZTMA208_slide_20.73kx22.16ky_7000x7000_7_20171115_232_15_By13x8_342_a0_full_ZTMA208_slide_20.73kx22.16ky_7000x7000_7_20171115_232_15_By13x8_342_a0_full_segmentation_masks.tif
0.8022506492257382,0.3422659117316169,0.6217008797653959,1.14247311827957,1023,744,-279,ZTMA208_slide_20.73kx22.16ky_7000x7000_7_20171115_233_15_By14x1_350_a0_full_ZTMA208_slide_20.73kx22.16ky_7000x7000_7_20171115_233_15_By14x1_350_a0_full_segmentation_masks.tif
0.8535754824063564,0.534546158312367,0.09574468085106383,0.38571428571428573,94,70,-24,ZTMA208_slide_20.73kx22.16ky_7000x7000_7_20171115_234_15_By14x2_358_a0_full_ZTMA208_slide_20.73kx22.16ky_7000x7000_7_20171115_234_15_By14x2_358_a0_full_segmentation_masks.tif
0.8742450870305332,0.23725990175898523,1.3589143659335516,2.025934861278649,2137,1658,-479,ZTMA208_slide_20.73kx22.16ky_7000x7000_7_20171115_235_72_By14x3_366_a0_full_ZTMA208_slide_20.73kx22.16ky_7000x7000_7_20171115_235_72_By14x3_366_a0_full_segmentation_masks.tif
0.95844935535449,0.08493203336194637,1.8413397972675187,3.870286576168929,2269,1326,-943,ZTMA208_slide_20.73kx22.16ky_7000x7000_7_20171115_236_72_By14x4_374_a0_full_ZTMA208_slide_20.73kx22.16ky_7000x7000_7_20171115_236_72_By14x4_374_a0_full_segmentation_masks.tif
0.9395639899115057,0.14411578442517178,1.8733153638814015,3.082322910019145,2226,1567,-659,ZTMA208_slide_20.73kx22.16ky_7000x7000_7_20171115_237_72_By14x5_382_a0_full_ZTMA208_slide_20.73kx22.16ky_7000x7000_7_20171115_237_72_By14x5_382_a0_full_segmentation_masks.tif
0.9272211263247466,0.1546216798597698,1.7556285178236397,2.841726618705036,2132,1529,-603,ZTMA208_slide_20.73kx22.16ky_7000x7000_7_20171115_238_72_By14x6_391_a0_full_ZTMA208_slide_20.73kx22.16ky_7000x7000_7_20171115_238_72_By14x6_391_a0_full_segmentation_masks.tif
0.8428831011508177,0.38003916698509743,0.3850746268656716,0.9568965517241379,335,232,-103,ZTMA208_slide_20.73kx22.16ky_7000x7000_7_20171115_239_72_By14x7_399_a0_full_ZTMA208_slide_20.73kx22.16ky_7000x7000_7_20171115_239_72_By14x7_399_a0_full_segmentation_masks.tif
0.8236568930977964,0.2716682685070462,1.135628952916374,1.8256704980842913,1423,1044,-379,ZTMA208_slide_20.73kx22.16ky_7000x7000_7_20171115_240_25_By14x8_407_a0_full_ZTMA208_slide_20.73kx22.16ky_7000x7000_7_20171115_240_25_By14x8_407_a0_full_segmentation_masks.tif
0.8310343177903936,0.317111336319385,0.9697386519944979,1.5365193868349865,1454,1109,-345,ZTMA208_slide_20.73kx22.16ky_7000x7000_7_20171115_241_25_By15x1_415_a0_full_ZTMA208_slide_20.73kx22.16ky_7000x7000_7_20171115_241_25_By15x1_415_a0_full_segmentation_masks.tif
0.9019840110630793,0.27539367589203007,1.8974208675263775,2.4223300970873787,1706,1442,-264,ZTMA208_slide_20.73kx22.16ky_7000x7000_7_20171115_242_25_By15x2_423_a0_full_ZTMA208_slide_20.73kx22.16ky_7000x7000_7_20171115_242_25_By15x2_423_a0_full_segmentation_masks.tif
0.9111787345683122,0.306270495011612,2.015525758645025,2.405448717948718,1417,1248,-169,ZTMA208_slide_20.73kx22.16ky_7000x7000_7_20171115_243_25_By15x3_431_a0_full_ZTMA208_slide_20.73kx22.16ky_7000x7000_7_20171115_243_25_By15x3_431_a0_full_segmentation_masks.tif
0.8118390354387698,0.35771098265895956,0.7360774818401937,1.1183431952662721,413,338,-75,ZTMA208_slide_20.73kx22.16ky_7000x7000_7_20171115_244_25_By15x4_439_a0_full_ZTMA208_slide_20.73kx22.16ky_7000x7000_7_20171115_244_25_By15x4_439_a0_full_segmentation_masks.tif
0.7584554743850564,0.13535415839602616,0.967843631778058,2.4464902186421176,1586,869,-717,ZTMA208_slide_20.73kx22.16ky_7000x7000_7_20171115_245_35_By15x5_447_a0_full_ZTMA208_slide_20.73kx22.16ky_7000x7000_7_20171115_245_35_By15x5_447_a0_full_segmentation_masks.tif
0.3866554921733488,0.05072685050385973,0.09792677547419497,2.458149779735683,2267,227,-2040,ZTMA208_slide_20.73kx22.16ky_7000x7000_7_20171115_246_35_By15x6_455_a0_full_ZTMA208_slide_20.73kx22.16ky_7000x7000_7_20171115_246_35_By15x6_455_a0_full_segmentation_masks.tif
0.7510818521603869,0.3756953424101823,0.8808907301916106,1.0971563981042654,1931,1688,-243,ZTMA208_slide_20.73kx22.16ky_7000x7000_7_20171115_247_35_By15x7_463_a0_full_ZTMA208_slide_20.73kx22.16ky_7000x7000_7_20171115_247_35_By15x7_463_a0_full_segmentation_masks.tif
0.7490738216284701,0.4342100723395936,0.5363636363636364,0.7611940298507462,880,737,-143,ZTMA208_slide_20.73kx22.16ky_7000x7000_7_20171115_248_35_By15x8_471_a0_full_ZTMA208_slide_20.73kx22.16ky_7000x7000_7_20171115_248_35_By15x8_471_a0_full_segmentation_masks.tif
0.9146504210664184,0.1357393842418005,1.3514714047751248,3.0018885741265344,1801,1059,-742,ZTMA208_slide_20.73kx22.16ky_7000x7000_7_20171115_249_35_By16x1_479_a0_full_ZTMA208_slide_20.73kx22.16ky_7000x7000_7_20171115_249_35_By16x1_479_a0_full_segmentation_masks.tif
0.852264961628793,0.33514066227943684,0.6472898664571878,1.2996632996632997,1273,891,-382,ZTMA208_slide_20.73kx22.16ky_7000x7000_7_20171115_250_65_By16x2_487_a0_full_ZTMA208_slide_20.73kx22.16ky_7000x7000_7_20171115_250_65_By16x2_487_a0_full_segmentation_masks.tif
0.834644539906339,0.3790685484269763,0.4873417721518987,1.0356347438752784,632,449,-183,ZTMA208_slide_20.73kx22.16ky_7000x7000_7_20171115_251_65_By16x3_494_a0_full_ZTMA208_slide_20.73kx22.16ky_7000x7000_7_20171115_251_65_By16x3_494_a0_full_segmentation_masks.tif
0.9214195147986141,0.12162282007588955,1.143646408839779,3.208685162846803,1629,829,-800,ZTMA208_slide_20.73kx22.16ky_7000x7000_7_20171115_252_65_By16x4_501_a0_full_ZTMA208_slide_20.73kx22.16ky_7000x7000_7_20171115_252_65_By16x4_501_a0_full_segmentation_masks.tif
0.8705624647814665,0.3283327183596015,0.9306666666666666,1.5866666666666667,1125,825,-300,ZTMA208_slide_20.73kx22.16ky_7000x7000_7_20171115_253_65_By16x5_508_a0_full_ZTMA208_slide_20.73kx22.16ky_7000x7000_7_20171115_253_65_By16x5_508_a0_full_segmentation_masks.tif
0.8098397267472413,0.42210597603979355,0.6412698412698413,0.8586572438162544,315,283,-32,ZTMA208_slide_20.73kx22.16ky_7000x7000_7_20171115_254_65_By16x6_513_a0_full_ZTMA208_slide_20.73kx22.16ky_7000x7000_7_20171115_254_65_By16x6_513_a0_full_segmentation_masks.tif
0.8435341766929672,0.2588614232209738,1.1915269196822595,1.8356643356643356,1133,858,-275,ZTMA208_slide_20.73kx22.16ky_7000x7000_7_20171115_255_2_By16x7_517_a0_full_ZTMA208_slide_20.73kx22.16ky_7000x7000_7_20171115_255_2_By16x7_517_a0_full_segmentation_masks.tif
0.8206008966609417,0.3394980579623543,0.8390501319261213,1.2512234910277324,758,613,-145,ZTMA208_slide_20.73kx22.16ky_7000x7000_7_20171115_256_2_By16x8_520_a0_full_ZTMA208_slide_20.73kx22.16ky_7000x7000_7_20171115_256_2_By16x8_520_a0_full_segmentation_masks.tif
0.9300738513066678,0.12721011309203253,1.6568104701890451,3.235747303543914,2063,1298,-765,ZTMA208_slide_20.73kx22.16ky_7000x7000_7_20171127_203_30_By10x3_525_a0_full_ZTMA208_slide_20.73kx22.16ky_7000x7000_7_20171127_203_30_By10x3_525_a0_full_segmentation_masks.tif
0.8680554424483281,0.44300554667669456,0.6825842696629213,1.0098039215686274,356,306,-50,ZTMA208_slide_28.23kx15.4ky_7000x7000_4_20171115_10_42_Ay2x2_104_a0_full_ZTMA208_slide_28.23kx15.4ky_7000x7000_4_20171115_10_42_Ay2x2_104_a0_full_segmentation_masks.tif
0.6369539789456702,0.2733949666153056,0.2743362831858407,0.6704545454545454,113,88,-25,ZTMA208_slide_28.23kx15.4ky_7000x7000_4_20171115_11_42_Ay2x3_112_a0_full_ZTMA208_slide_28.23kx15.4ky_7000x7000_4_20171115_11_42_Ay2x3_112_a0_full_segmentation_masks.tif
0.8578287678156272,0.3656191045874937,0.9073170731707317,1.4184100418410042,615,478,-137,ZTMA208_slide_28.23kx15.4ky_7000x7000_4_20171115_12_4_Ay2x4_120_a0_full_ZTMA208_slide_28.23kx15.4ky_7000x7000_4_20171115_12_4_Ay2x4_120_a0_full_segmentation_masks.tif
0.7402261986446584,0.34197920438673635,0.5018007202881153,0.9102362204724409,833,635,-198,ZTMA208_slide_28.23kx15.4ky_7000x7000_4_20171115_13_4_Ay2x5_126_a0_full_ZTMA208_slide_28.23kx15.4ky_7000x7000_4_20171115_13_4_Ay2x5_126_a0_full_segmentation_masks.tif
0.8830798989844716,0.41731503928313046,1.2224199288256228,1.6986899563318778,562,458,-104,ZTMA208_slide_28.23kx15.4ky_7000x7000_4_20171115_14_4_Ay2x6_134_a0_full_ZTMA208_slide_28.23kx15.4ky_7000x7000_4_20171115_14_4_Ay2x6_134_a0_full_segmentation_masks.tif
0.8475981334065331,0.3852764468780896,0.8883248730964467,1.3459119496855345,394,318,-76,ZTMA208_slide_28.23kx15.4ky_7000x7000_4_20171115_15_4_Ay2x7_142_a0_full_ZTMA208_slide_28.23kx15.4ky_7000x7000_4_20171115_15_4_Ay2x7_142_a0_full_segmentation_masks.tif
0.7733018474788165,0.26187554776511834,0.23728813559322035,0.8571428571428571,59,42,-17,ZTMA208_slide_28.23kx15.4ky_7000x7000_4_20171115_16_4_Ay2x8_150_a0_full_ZTMA208_slide_28.23kx15.4ky_7000x7000_4_20171115_16_4_Ay2x8_150_a0_full_segmentation_masks.tif
0.8591691995947315,0.27455299754586887,0.7049075844486934,1.5023430178069352,1569,1067,-502,ZTMA208_slide_28.23kx15.4ky_7000x7000_4_20171115_17_64_Ay3x1_158_a0_full_ZTMA208_slide_28.23kx15.4ky_7000x7000_4_20171115_17_64_Ay3x1_158_a0_full_segmentation_masks.tif
0.788943822769045,0.18713247236192163,0.7565963060686016,1.9255441008018328,1516,873,-643,ZTMA208_slide_28.23kx15.4ky_7000x7000_4_20171115_18_64_Ay3x2_161_a0_full_ZTMA208_slide_28.23kx15.4ky_7000x7000_4_20171115_18_64_Ay3x2_161_a0_full_segmentation_masks.tif
0.8256982662842673,0.32744546577033884,0.5135623869801085,1.2065217391304348,553,368,-185,ZTMA208_slide_28.23kx15.4ky_7000x7000_4_20171115_19_64_Ay3x3_169_a0_full_ZTMA208_slide_28.23kx15.4ky_7000x7000_4_20171115_19_64_Ay3x3_169_a0_full_segmentation_masks.tif
0.8261381088991278,0.3446252396315519,0.6089965397923875,1.1070615034168565,1156,878,-278,ZTMA208_slide_28.23kx15.4ky_7000x7000_4_20171115_1_5_Ay1x1_6_a0_full_ZTMA208_slide_28.23kx15.4ky_7000x7000_4_20171115_1_5_Ay1x1_6_a0_full_segmentation_masks.tif
0.8280017932962367,0.21964281406550284,0.6257722859664607,1.6884498480243162,1133,658,-475,ZTMA208_slide_28.23kx15.4ky_7000x7000_4_20171115_20_64_Ay3x4_177_a0_full_ZTMA208_slide_28.23kx15.4ky_7000x7000_4_20171115_20_64_Ay3x4_177_a0_full_segmentation_masks.tif
0.7692606711140091,0.2923341192866461,0.9565580618212197,1.497797356828194,1197,908,-289,ZTMA208_slide_28.23kx15.4ky_7000x7000_4_20171115_21_64_Ay3x5_185_a0_full_ZTMA208_slide_28.23kx15.4ky_7000x7000_4_20171115_21_64_Ay3x5_185_a0_full_segmentation_masks.tif
0.7996262113853991,0.2669394098690375,1.099403578528827,1.7894380501015572,2012,1477,-535,ZTMA208_slide_28.23kx15.4ky_7000x7000_4_20171115_22_26_Ay3x6_193_a0_full_ZTMA208_slide_28.23kx15.4ky_7000x7000_4_20171115_22_26_Ay3x6_193_a0_full_segmentation_masks.tif
0.7812080307268543,0.2762953905277638,1.1133888532991671,1.6683501683501682,1561,1188,-373,ZTMA208_slide_28.23kx15.4ky_7000x7000_4_20171115_23_26_Ay3x7_201_a0_full_ZTMA208_slide_28.23kx15.4ky_7000x7000_4_20171115_23_26_Ay3x7_201_a0_full_segmentation_masks.tif
0.805950494215648,0.29370338454223993,1.004581901489118,1.5688622754491017,873,668,-205,ZTMA208_slide_28.23kx15.4ky_7000x7000_4_20171115_24_26_Ay3x8_209_a0_full_ZTMA208_slide_28.23kx15.4ky_7000x7000_4_20171115_24_26_Ay3x8_209_a0_full_segmentation_masks.tif
0.8385001208605269,0.3083362158422691,0.805111821086262,1.413199426111908,939,697,-242,ZTMA208_slide_28.23kx15.4ky_7000x7000_4_20171115_25_26_Ay4x1_217_a0_full_ZTMA208_slide_28.23kx15.4ky_7000x7000_4_20171115_25_26_Ay4x1_217_a0_full_segmentation_masks.tif
0.7658412404535987,0.4355481727574751,0.13385826771653545,0.46511627906976744,127,86,-41,ZTMA208_slide_28.23kx15.4ky_7000x7000_4_20171115_26_26_Ay4x2_225_a0_full_ZTMA208_slide_28.23kx15.4ky_7000x7000_4_20171115_26_26_Ay4x2_225_a0_full_segmentation_masks.tif
0.7998877493749681,0.31342983514274225,0.7781885397412199,1.378787878787879,541,396,-145,ZTMA208_slide_28.23kx15.4ky_7000x7000_4_20171115_27_6_Ay4x3_233_a0_full_ZTMA208_slide_28.23kx15.4ky_7000x7000_4_20171115_27_6_Ay4x3_233_a0_full_segmentation_masks.tif
0.7689967717904147,0.3399604866382448,0.6187214611872146,1.0762463343108504,438,341,-97,ZTMA208_slide_28.23kx15.4ky_7000x7000_4_20171115_28_6_Ay4x4_241_a0_full_ZTMA208_slide_28.23kx15.4ky_7000x7000_4_20171115_28_6_Ay4x4_241_a0_full_segmentation_masks.tif
0.8463103691707154,0.30039636681750925,0.9955611921369689,1.3772590361445782,1577,1328,-249,ZTMA208_slide_28.23kx15.4ky_7000x7000_4_20171115_2_5_Ay1x2_24_a0_full_ZTMA208_slide_28.23kx15.4ky_7000x7000_4_20171115_2_5_Ay1x2_24_a0_full_segmentation_masks.tif
0.8369862665525742,0.21602019265440683,0.46483516483516485,1.6843220338983051,910,472,-438,ZTMA208_slide_28.23kx15.4ky_7000x7000_4_20171115_30_6_Ay4x6_249_a0_full_ZTMA208_slide_28.23kx15.4ky_7000x7000_4_20171115_30_6_Ay4x6_249_a0_full_segmentation_masks.tif
0.8485775466503518,0.4597008260772494,0.40625,0.7777777777777778,32,27,-5,ZTMA208_slide_28.23kx15.4ky_7000x7000_4_20171115_31_6_Ay4x7_257_a0_full_ZTMA208_slide_28.23kx15.4ky_7000x7000_4_20171115_31_6_Ay4x7_257_a0_full_segmentation_masks.tif
0.7255951515764328,0.28135425776568523,0.8348936170212766,1.4051222351571595,1175,859,-316,ZTMA208_slide_28.23kx15.4ky_7000x7000_4_20171115_32_69_Ay4x8_265_a0_full_ZTMA208_slide_28.23kx15.4ky_7000x7000_4_20171115_32_69_Ay4x8_265_a0_full_segmentation_masks.tif
0.8442653409018105,0.37072652387350596,0.5760576057605761,1.0974729241877257,1111,831,-280,ZTMA208_slide_28.23kx15.4ky_7000x7000_4_20171115_33_69_Ay5x1_274_a0_full_ZTMA208_slide_28.23kx15.4ky_7000x7000_4_20171115_33_69_Ay5x1_274_a0_full_segmentation_masks.tif
0.8110953661152975,0.333928082464028,0.6245989304812835,1.0708333333333333,935,720,-215,ZTMA208_slide_28.23kx15.4ky_7000x7000_4_20171115_34_69_Ay5x2_282_a0_full_ZTMA208_slide_28.23kx15.4ky_7000x7000_4_20171115_34_69_Ay5x2_282_a0_full_segmentation_masks.tif
0.7996682929191433,0.31890467826920005,0.8217913204062789,1.3662145499383478,1083,811,-272,ZTMA208_slide_28.23kx15.4ky_7000x7000_4_20171115_35_69_Ay5x3_290_a0_full_ZTMA208_slide_28.23kx15.4ky_7000x7000_4_20171115_35_69_Ay5x3_290_a0_full_segmentation_masks.tif
0.8253577181844025,0.3714100064977258,0.4,0.8048780487804879,50,41,-9,ZTMA208_slide_28.23kx15.4ky_7000x7000_4_20171115_36_69_Ay5x4_298_a0_full_ZTMA208_slide_28.23kx15.4ky_7000x7000_4_20171115_36_69_Ay5x4_298_a0_full_segmentation_masks.tif
0.8167323385655535,0.20560711272632876,0.9219269102990033,1.8979591836734695,1204,784,-420,ZTMA208_slide_28.23kx15.4ky_7000x7000_4_20171115_37_20_Ay5x5_306_a0_full_ZTMA208_slide_28.23kx15.4ky_7000x7000_4_20171115_37_20_Ay5x5_306_a0_full_segmentation_masks.tif
0.8244595852690378,0.24266999735233513,0.8600148920327625,1.7485843714609286,1343,883,-460,ZTMA208_slide_28.23kx15.4ky_7000x7000_4_20171115_38_20_Ay5x6_315_a0_full_ZTMA208_slide_28.23kx15.4ky_7000x7000_4_20171115_38_20_Ay5x6_315_a0_full_segmentation_masks.tif
0.7937236422836059,0.2800437723836052,0.953939393939394,1.6337552742616033,1650,1185,-465,ZTMA208_slide_28.23kx15.4ky_7000x7000_4_20171115_39_20_Ay5x7_323_a0_full_ZTMA208_slide_28.23kx15.4ky_7000x7000_4_20171115_39_20_Ay5x7_323_a0_full_segmentation_masks.tif
0.8466368149518154,0.36627211065301235,0.8449691991786448,1.3773333333333333,974,750,-224,ZTMA208_slide_28.23kx15.4ky_7000x7000_4_20171115_3_5_Ay1x3_42_a0_full_ZTMA208_slide_28.23kx15.4ky_7000x7000_4_20171115_3_5_Ay1x3_42_a0_full_segmentation_masks.tif
0.8075128498878515,0.2159833899987724,0.8622516556291391,1.7997957099080695,1510,979,-531,ZTMA208_slide_28.23kx15.4ky_7000x7000_4_20171115_40_20_Ay5x8_331_a0_full_ZTMA208_slide_28.23kx15.4ky_7000x7000_4_20171115_40_20_Ay5x8_331_a0_full_segmentation_masks.tif
0.27924066135946113,0.1492715884298684,0.20833333333333334,0.13636363636363635,24,44,20,ZTMA208_slide_28.23kx15.4ky_7000x7000_4_20171115_41_20_Ay6x1_339_a0_full_ZTMA208_slide_28.23kx15.4ky_7000x7000_4_20171115_41_20_Ay6x1_339_a0_full_segmentation_masks.tif
0.7729634704376825,0.31142779648757996,0.6777983920841064,1.292982456140351,1617,1140,-477,ZTMA208_slide_28.23kx15.4ky_7000x7000_4_20171115_42_44_Ay6x2_347_a0_full_ZTMA208_slide_28.23kx15.4ky_7000x7000_4_20171115_42_44_Ay6x2_347_a0_full_segmentation_masks.tif
0.797916138839625,0.3264579548199414,0.6699386503067485,1.1970443349753694,815,609,-206,ZTMA208_slide_28.23kx15.4ky_7000x7000_4_20171115_43_44_Ay6x3_355_a0_full_ZTMA208_slide_28.23kx15.4ky_7000x7000_4_20171115_43_44_Ay6x3_355_a0_full_segmentation_masks.tif
0.7420182258475656,0.32829677596842627,0.6863207547169812,1.2454394693200663,848,603,-245,ZTMA208_slide_28.23kx15.4ky_7000x7000_4_20171115_44_44_Ay6x4_363_a0_full_ZTMA208_slide_28.23kx15.4ky_7000x7000_4_20171115_44_44_Ay6x4_363_a0_full_segmentation_masks.tif
0.852428810720268,0.44751397960266104,0.549718574108818,0.9509345794392523,533,428,-105,ZTMA208_slide_28.23kx15.4ky_7000x7000_4_20171115_45_44_Ay6x5_371_a0_full_ZTMA208_slide_28.23kx15.4ky_7000x7000_4_20171115_45_44_Ay6x5_371_a0_full_segmentation_masks.tif
0.8190218350891648,0.4313031758065875,0.25547445255474455,0.6717171717171717,274,198,-76,ZTMA208_slide_28.23kx15.4ky_7000x7000_4_20171115_46_44_Ay6x6_379_a0_full_ZTMA208_slide_28.23kx15.4ky_7000x7000_4_20171115_46_44_Ay6x6_379_a0_full_segmentation_masks.tif
0.8310919065883381,0.17149552378027277,0.9602780536246276,2.292058070025619,2014,1171,-843,ZTMA208_slide_28.23kx15.4ky_7000x7000_4_20171115_47_51_Ay6x7_387_a0_full_ZTMA208_slide_28.23kx15.4ky_7000x7000_4_20171115_47_51_Ay6x7_387_a0_full_segmentation_masks.tif
0.8439946534275349,0.23131500331931842,1.0976979225154408,1.9878542510121457,1781,1235,-546,ZTMA208_slide_28.23kx15.4ky_7000x7000_4_20171115_48_51_Ay6x8_396_a0_full_ZTMA208_slide_28.23kx15.4ky_7000x7000_4_20171115_48_51_Ay6x8_396_a0_full_segmentation_masks.tif
0.8894093371940222,0.176942677981875,0.9357541899441341,2.24577861163227,1790,1066,-724,ZTMA208_slide_28.23kx15.4ky_7000x7000_4_20171115_49_51_Ay7x1_404_a0_full_ZTMA208_slide_28.23kx15.4ky_7000x7000_4_20171115_49_51_Ay7x1_404_a0_full_segmentation_masks.tif
0.7620785168925821,0.2606508184644134,0.7491309385863267,1.4754944110060189,1726,1163,-563,ZTMA208_slide_28.23kx15.4ky_7000x7000_4_20171115_4_5_Ay1x4_58_a0_full_ZTMA208_slide_28.23kx15.4ky_7000x7000_4_20171115_4_5_Ay1x4_58_a0_full_segmentation_masks.tif
0.8148124409120772,0.275199738449907,0.8356060606060606,1.686139747995418,1320,873,-447,ZTMA208_slide_28.23kx15.4ky_7000x7000_4_20171115_50_51_Ay7x2_412_a0_full_ZTMA208_slide_28.23kx15.4ky_7000x7000_4_20171115_50_51_Ay7x2_412_a0_full_segmentation_masks.tif
0.842879536958881,0.461888309124242,0.3333333333333333,0.6432432432432432,225,185,-40,ZTMA208_slide_28.23kx15.4ky_7000x7000_4_20171115_51_51_Ay7x3_420_a0_full_ZTMA208_slide_28.23kx15.4ky_7000x7000_4_20171115_51_51_Ay7x3_420_a0_full_segmentation_masks.tif
0.8272977435332967,0.26943982561795243,1.4569748797434527,2.0211221122112213,1871,1515,-356,ZTMA208_slide_28.23kx15.4ky_7000x7000_4_20171115_52_31_Ay7x4_428_a0_full_ZTMA208_slide_28.23kx15.4ky_7000x7000_4_20171115_52_31_Ay7x4_428_a0_full_segmentation_masks.tif
0.8220807378102412,0.24564124529407785,1.1971178589809572,2.059384164222874,1943,1364,-579,ZTMA208_slide_28.23kx15.4ky_7000x7000_4_20171115_53_31_Ay7x5_436_a0_full_ZTMA208_slide_28.23kx15.4ky_7000x7000_4_20171115_53_31_Ay7x5_436_a0_full_segmentation_masks.tif
0.755835530813556,0.38794690765320533,0.7423454650491046,1.0209937018894333,1731,1429,-302,ZTMA208_slide_28.23kx15.4ky_7000x7000_4_20171115_54_31_Ay7x6_444_a0_full_ZTMA208_slide_28.23kx15.4ky_7000x7000_4_20171115_54_31_Ay7x6_444_a0_full_segmentation_masks.tif
0.8452336647349673,0.3091397568810053,1.6870925684485008,2.0475482912332836,2301,2019,-282,ZTMA208_slide_28.23kx15.4ky_7000x7000_4_20171115_55_31_Ay7x7_452_a0_full_ZTMA208_slide_28.23kx15.4ky_7000x7000_4_20171115_55_31_Ay7x7_452_a0_full_segmentation_masks.tif
0.7672133542754868,0.3596384495046063,0.758957654723127,1.176954732510288,307,243,-64,ZTMA208_slide_28.23kx15.4ky_7000x7000_4_20171115_56_31_Ay7x8_460_a0_full_ZTMA208_slide_28.23kx15.4ky_7000x7000_4_20171115_56_31_Ay7x8_460_a0_full_segmentation_masks.tif
0.8508992237624993,0.1460049374510409,0.5835189309576837,2.1904761904761907,1347,651,-696,ZTMA208_slide_28.23kx15.4ky_7000x7000_4_20171115_57_17_Ay8x1_468_a0_full_ZTMA208_slide_28.23kx15.4ky_7000x7000_4_20171115_57_17_Ay8x1_468_a0_full_segmentation_masks.tif
0.8163848462970703,0.35621083443271767,0.4581066376496192,1.0614173228346457,919,635,-284,ZTMA208_slide_28.23kx15.4ky_7000x7000_4_20171115_58_17_Ay8x2_476_a0_full_ZTMA208_slide_28.23kx15.4ky_7000x7000_4_20171115_58_17_Ay8x2_476_a0_full_segmentation_masks.tif
0.8069595021857272,0.21027296221120464,0.8563118091913904,1.9062792877225867,1719,1067,-652,ZTMA208_slide_28.23kx15.4ky_7000x7000_4_20171115_59_17_Ay8x3_484_a0_full_ZTMA208_slide_28.23kx15.4ky_7000x7000_4_20171115_59_17_Ay8x3_484_a0_full_segmentation_masks.tif
0.7452103009327155,0.33254643236820713,0.5924764890282131,1.0121703853955375,638,493,-145,ZTMA208_slide_28.23kx15.4ky_7000x7000_4_20171115_5_5_Ay1x5_66_a0_full_ZTMA208_slide_28.23kx15.4ky_7000x7000_4_20171115_5_5_Ay1x5_66_a0_full_segmentation_masks.tif
0.8028451175357019,0.2521993291255042,0.7781629116117851,1.5454545454545454,1731,1166,-565,ZTMA208_slide_28.23kx15.4ky_7000x7000_4_20171115_60_17_Ay8x4_491_a0_full_ZTMA208_slide_28.23kx15.4ky_7000x7000_4_20171115_60_17_Ay8x4_491_a0_full_segmentation_masks.tif
0.768465736810188,0.3234653397234516,0.7493403693931399,1.24822695035461,379,282,-97,ZTMA208_slide_28.23kx15.4ky_7000x7000_4_20171115_61_17_Ay8x5_498_a0_full_ZTMA208_slide_28.23kx15.4ky_7000x7000_4_20171115_61_17_Ay8x5_498_a0_full_segmentation_masks.tif
0.7857004734488158,0.3186128955312271,0.7327188940092166,1.3350854139290407,1085,761,-324,ZTMA208_slide_28.23kx15.4ky_7000x7000_4_20171115_62_61_Ay8x6_505_a0_full_ZTMA208_slide_28.23kx15.4ky_7000x7000_4_20171115_62_61_Ay8x6_505_a0_full_segmentation_masks.tif
0.8065436708492147,0.27633513388506203,0.7088353413654619,1.5316846986089645,996,647,-349,ZTMA208_slide_28.23kx15.4ky_7000x7000_4_20171115_63_61_Ay8x7_512_a0_full_ZTMA208_slide_28.23kx15.4ky_7000x7000_4_20171115_63_61_Ay8x7_512_a0_full_segmentation_masks.tif
0.8098421479643397,0.29755469913934274,0.8816901408450705,1.450943396226415,1420,1060,-360,ZTMA208_slide_28.23kx15.4ky_7000x7000_4_20171115_64_61_Ay8x8_516_a0_full_ZTMA208_slide_28.23kx15.4ky_7000x7000_4_20171115_64_61_Ay8x8_516_a0_full_segmentation_masks.tif
0.6161959850289214,0.3076428712675499,0.5327868852459017,0.6948356807511737,244,213,-31,ZTMA208_slide_28.23kx15.4ky_7000x7000_4_20171115_6_5_Ay1x6_74_a0_full_ZTMA208_slide_28.23kx15.4ky_7000x7000_4_20171115_6_5_Ay1x6_74_a0_full_segmentation_masks.tif
0.7712489640814182,0.2634199908064763,0.6559308719560094,1.4262899262899262,1273,814,-459,ZTMA208_slide_28.23kx15.4ky_7000x7000_4_20171115_7_42_Ay1x7_82_a0_full_ZTMA208_slide_28.23kx15.4ky_7000x7000_4_20171115_7_42_Ay1x7_82_a0_full_segmentation_masks.tif
0.7634258032774477,0.19524000310181716,0.668997668997669,1.6657997399219766,1287,769,-518,ZTMA208_slide_28.23kx15.4ky_7000x7000_4_20171115_8_42_Ay1x8_90_a0_full_ZTMA208_slide_28.23kx15.4ky_7000x7000_4_20171115_8_42_Ay1x8_90_a0_full_segmentation_masks.tif
0.8426327346433197,0.3133488345342656,0.7539315448658649,1.3875476493011436,1081,787,-294,ZTMA208_slide_28.23kx15.4ky_7000x7000_4_20171115_9_42_Ay2x1_98_a0_full_ZTMA208_slide_28.23kx15.4ky_7000x7000_4_20171115_9_42_Ay2x1_98_a0_full_segmentation_masks.tif
0.8070509710174085,0.29073106650780556,0.7481549815498155,1.3508322663252241,1084,781,-303,ZTMA208_slide_28.23kx22.4ky_7000x7000_5_20171115_100_58_Ay13x4_299_a0_full_ZTMA208_slide_28.23kx22.4ky_7000x7000_5_20171115_100_58_Ay13x4_299_a0_full_segmentation_masks.tif
0.899481577548346,0.3370897417903082,1.3814640698455338,1.9126853377265238,1489,1214,-275,ZTMA208_slide_28.23kx22.4ky_7000x7000_5_20171115_101_58_Ay13x5_307_a0_full_ZTMA208_slide_28.23kx22.4ky_7000x7000_5_20171115_101_58_Ay13x5_307_a0_full_segmentation_masks.tif
0.7929210665983419,0.28236660838545397,0.8315363881401617,1.4306569343065694,742,548,-194,ZTMA208_slide_28.23kx22.4ky_7000x7000_5_20171115_102_34_Ay13x6_316_a0_full_ZTMA208_slide_28.23kx22.4ky_7000x7000_5_20171115_102_34_Ay13x6_316_a0_full_segmentation_masks.tif
0.9082880094613831,0.32648775164866445,1.9776842105263157,2.2549470777726643,2375,2173,-202,ZTMA208_slide_28.23kx22.4ky_7000x7000_5_20171115_103_12_Ay13x7_324_a0_full_ZTMA208_slide_28.23kx22.4ky_7000x7000_5_20171115_103_12_Ay13x7_324_a0_full_segmentation_masks.tif
0.8334642102083962,0.3583403987637776,0.9939975990396158,1.5115919629057186,1666,1294,-372,ZTMA208_slide_28.23kx22.4ky_7000x7000_5_20171115_104_12_Ay13x8_332_a0_full_ZTMA208_slide_28.23kx22.4ky_7000x7000_5_20171115_104_12_Ay13x8_332_a0_full_segmentation_masks.tif
0.8851888003091757,0.14989673394390873,1.3418235511258767,2.686376811594203,2709,1725,-984,ZTMA208_slide_28.23kx22.4ky_7000x7000_5_20171115_105_12_Ay14x1_340_a0_full_ZTMA208_slide_28.23kx22.4ky_7000x7000_5_20171115_105_12_Ay14x1_340_a0_full_segmentation_masks.tif
0.8871635122166108,0.20871723193656047,1.2403726708074534,2.2128227960819236,1610,1123,-487,ZTMA208_slide_28.23kx22.4ky_7000x7000_5_20171115_106_12_Ay14x2_348_a0_full_ZTMA208_slide_28.23kx22.4ky_7000x7000_5_20171115_106_12_Ay14x2_348_a0_full_segmentation_masks.tif
0.18999595796281327,0.06373144435725726,0.2966101694915254,0.5254237288135594,118,118,0,ZTMA208_slide_28.23kx22.4ky_7000x7000_5_20171115_107_12_Ay14x3_356_a0_full_ZTMA208_slide_28.23kx22.4ky_7000x7000_5_20171115_107_12_Ay14x3_356_a0_full_segmentation_masks.tif
0.8600270002700027,0.23515941126773088,0.9131561892417369,1.7823585810162992,1543,1043,-500,ZTMA208_slide_28.23kx22.4ky_7000x7000_5_20171115_108_67_Ay14x4_364_a0_full_ZTMA208_slide_28.23kx22.4ky_7000x7000_5_20171115_108_67_Ay14x4_364_a0_full_segmentation_masks.tif
0.9332149452074493,0.15291619188471547,1.6218592964824121,3.1342988808426595,2388,1519,-869,ZTMA208_slide_28.23kx22.4ky_7000x7000_5_20171115_109_67_Ay14x5_372_a0_full_ZTMA208_slide_28.23kx22.4ky_7000x7000_5_20171115_109_67_Ay14x5_372_a0_full_segmentation_masks.tif
0.8729473450808019,0.21439970221713597,1.4156118143459915,2.3776792313377677,1896,1353,-543,ZTMA208_slide_28.23kx22.4ky_7000x7000_5_20171115_110_67_Ay14x6_380_a0_full_ZTMA208_slide_28.23kx22.4ky_7000x7000_5_20171115_110_67_Ay14x6_380_a0_full_segmentation_masks.tif
0.8196328689878886,0.25943720409306115,0.9743024963289281,1.7346514047866806,1362,961,-401,ZTMA208_slide_28.23kx22.4ky_7000x7000_5_20171115_111_67_Ay14x7_388_a0_full_ZTMA208_slide_28.23kx22.4ky_7000x7000_5_20171115_111_67_Ay14x7_388_a0_full_segmentation_masks.tif
0.8070914242636928,0.4668268130862503,0.7037037037037037,0.9036697247706422,243,218,-25,ZTMA208_slide_28.23kx22.4ky_7000x7000_5_20171115_112_67_Ay14x8_389_a0_full_ZTMA208_slide_28.23kx22.4ky_7000x7000_5_20171115_112_67_Ay14x8_389_a0_full_segmentation_masks.tif
0.8763128794675458,0.24858024112455324,0.6810810810810811,1.6656050955414012,1480,942,-538,ZTMA208_slide_28.23kx22.4ky_7000x7000_5_20171115_114_71_Ay15x2_397_a0_full_ZTMA208_slide_28.23kx22.4ky_7000x7000_5_20171115_114_71_Ay15x2_397_a0_full_segmentation_masks.tif
0.706462254997089,0.3318686999224606,0.11016949152542373,0.6617647058823529,118,68,-50,ZTMA208_slide_28.23kx22.4ky_7000x7000_5_20171115_115_71_Ay15x3_405_a0_full_ZTMA208_slide_28.23kx22.4ky_7000x7000_5_20171115_115_71_Ay15x3_405_a0_full_segmentation_masks.tif
0.8437752802979147,0.2298287302357323,1.0278536318951392,2.063973063973064,1831,1188,-643,ZTMA208_slide_28.23kx22.4ky_7000x7000_5_20171115_116_71_Ay15x4_413_a0_full_ZTMA208_slide_28.23kx22.4ky_7000x7000_5_20171115_116_71_Ay15x4_413_a0_full_segmentation_masks.tif
0.7655733705896702,0.4179296899566065,0.41333333333333333,0.6825396825396826,225,189,-36,ZTMA208_slide_28.23kx22.4ky_7000x7000_5_20171115_117_71_Ay15x5_421_a0_full_ZTMA208_slide_28.23kx22.4ky_7000x7000_5_20171115_117_71_Ay15x5_421_a0_full_segmentation_masks.tif
0.9115826997521375,0.15773013058197646,1.4035489410417858,2.7435440783615315,1747,1123,-624,ZTMA208_slide_28.23kx22.4ky_7000x7000_5_20171115_118_71_Ay15x6_429_a0_full_ZTMA208_slide_28.23kx22.4ky_7000x7000_5_20171115_118_71_Ay15x6_429_a0_full_segmentation_masks.tif
0.8575704090246336,0.4220548916898565,0.6036036036036037,1.0,111,92,-19,ZTMA208_slide_28.23kx22.4ky_7000x7000_5_20171115_119_39_Ay15x7_437_a0_full_ZTMA208_slide_28.23kx22.4ky_7000x7000_5_20171115_119_39_Ay15x7_437_a0_full_segmentation_masks.tif
0.8334011591192939,0.2577283196695994,0.7537746806039489,1.561525129982669,861,577,-284,ZTMA208_slide_28.23kx22.4ky_7000x7000_5_20171115_120_39_Ay15x8_445_a0_full_ZTMA208_slide_28.23kx22.4ky_7000x7000_5_20171115_120_39_Ay15x8_445_a0_full_segmentation_masks.tif
0.87877223178428,0.3301789598198954,0.4029126213592233,1.2834645669291338,206,127,-79,ZTMA208_slide_28.23kx22.4ky_7000x7000_5_20171115_121_39_Ay16x1_453_a0_full_ZTMA208_slide_28.23kx22.4ky_7000x7000_5_20171115_121_39_Ay16x1_453_a0_full_segmentation_masks.tif
0.8952248927521028,0.2351852280352639,0.919732441471572,2.0638297872340425,598,376,-222,ZTMA208_slide_28.23kx22.4ky_7000x7000_5_20171115_122_39_Ay16x2_461_a0_full_ZTMA208_slide_28.23kx22.4ky_7000x7000_5_20171115_122_39_Ay16x2_461_a0_full_segmentation_masks.tif
0.858240144583757,0.3094216831829611,0.9318181818181818,1.5083333333333333,308,240,-68,ZTMA208_slide_28.23kx22.4ky_7000x7000_5_20171115_123_39_Ay16x3_469_a0_full_ZTMA208_slide_28.23kx22.4ky_7000x7000_5_20171115_123_39_Ay16x3_469_a0_full_segmentation_masks.tif
0.8590686848805786,0.2397625710495483,0.3220779220779221,1.4937965260545907,770,403,-367,ZTMA208_slide_28.23kx22.4ky_7000x7000_5_20171115_124_16_Ay16x4_477_a0_full_ZTMA208_slide_28.23kx22.4ky_7000x7000_5_20171115_124_16_Ay16x4_477_a0_full_segmentation_masks.tif
0.8133684885626737,0.2545426100172094,0.5065466448445172,1.4916201117318435,1222,716,-506,ZTMA208_slide_28.23kx22.4ky_7000x7000_5_20171115_125_16_Ay16x5_485_a0_full_ZTMA208_slide_28.23kx22.4ky_7000x7000_5_20171115_125_16_Ay16x5_485_a0_full_segmentation_masks.tif
0.8036430549186465,0.29475029123294877,0.9942148760330578,1.6296296296296295,1210,891,-319,ZTMA208_slide_28.23kx22.4ky_7000x7000_5_20171115_126_16_Ay16x6_492_a0_full_ZTMA208_slide_28.23kx22.4ky_7000x7000_5_20171115_126_16_Ay16x6_492_a0_full_segmentation_masks.tif
0.7960690107010264,0.3381672002753551,0.7972885732730794,1.3903312444046554,1549,1117,-432,ZTMA208_slide_28.23kx22.4ky_7000x7000_5_20171115_127_16_Ay16x7_499_a0_full_ZTMA208_slide_28.23kx22.4ky_7000x7000_5_20171115_127_16_Ay16x7_499_a0_full_segmentation_masks.tif
0.8387913629675255,0.3509777633951274,0.8507462686567164,1.367741935483871,201,155,-46,ZTMA208_slide_28.23kx22.4ky_7000x7000_5_20171115_128_16_Ay16x8_506_a0_full_ZTMA208_slide_28.23kx22.4ky_7000x7000_5_20171115_128_16_Ay16x8_506_a0_full_segmentation_masks.tif
0.8011711267289815,0.30218492162146376,0.4912434325744308,1.1494102228047183,1142,763,-379,ZTMA208_slide_28.23kx22.4ky_7000x7000_5_20171115_65_61_Ay9x1_9_a0_full_ZTMA208_slide_28.23kx22.4ky_7000x7000_5_20171115_65_61_Ay9x1_9_a0_full_segmentation_masks.tif
0.06936113023240567,0.03118186888404401,0.06896551724137931,0.0784313725490196,29,51,22,ZTMA208_slide_28.23kx22.4ky_7000x7000_5_20171115_66_61_Ay9x2_27_a0_full_ZTMA208_slide_28.23kx22.4ky_7000x7000_5_20171115_66_61_Ay9x2_27_a0_full_segmentation_masks.tif
0.7763783310740087,0.2755986516657182,0.6661538461538462,1.3613707165109035,1950,1284,-666,ZTMA208_slide_28.23kx22.4ky_7000x7000_5_20171115_67_47_Ay9x3_45_a0_full_ZTMA208_slide_28.23kx22.4ky_7000x7000_5_20171115_67_47_Ay9x3_45_a0_full_segmentation_masks.tif
0.8101236073062714,0.19777435671871563,0.8936367858801673,2.0757220921155346,2153,1281,-872,ZTMA208_slide_28.23kx22.4ky_7000x7000_5_20171115_68_47_Ay9x4_59_a0_full_ZTMA208_slide_28.23kx22.4ky_7000x7000_5_20171115_68_47_Ay9x4_59_a0_full_segmentation_masks.tif
0.7912184897126151,0.20584378563283923,0.7014192139737991,1.6687444345503117,1832,1123,-709,ZTMA208_slide_28.23kx22.4ky_7000x7000_5_20171115_69_47_Ay9x5_67_a0_full_ZTMA208_slide_28.23kx22.4ky_7000x7000_5_20171115_69_47_Ay9x5_67_a0_full_segmentation_masks.tif
0.8603186338465106,0.21637241288104211,0.9487603305785124,2.0162532078699744,1815,1169,-646,ZTMA208_slide_28.23kx22.4ky_7000x7000_5_20171115_70_47_Ay9x6_75_a0_full_ZTMA208_slide_28.23kx22.4ky_7000x7000_5_20171115_70_47_Ay9x6_75_a0_full_segmentation_masks.tif
0.12350230414746544,0.05557068918550804,0.14285714285714285,0.5172413793103449,91,29,-62,ZTMA208_slide_28.23kx22.4ky_7000x7000_5_20171115_71_47_Ay9x7_83_a0_full_ZTMA208_slide_28.23kx22.4ky_7000x7000_5_20171115_71_47_Ay9x7_83_a0_full_segmentation_masks.tif
0.862505601137224,0.15935564482540876,1.3018973214285714,2.6945722171113156,1792,1087,-705,ZTMA208_slide_28.23kx22.4ky_7000x7000_5_20171115_72_3_Ay9x8_91_a0_full_ZTMA208_slide_28.23kx22.4ky_7000x7000_5_20171115_72_3_Ay9x8_91_a0_full_segmentation_masks.tif
0.8696258447016606,0.17096759460138392,0.8120401337792642,2.3222222222222224,1495,810,-685,ZTMA208_slide_28.23kx22.4ky_7000x7000_5_20171115_73_3_Ay10x1_99_a0_full_ZTMA208_slide_28.23kx22.4ky_7000x7000_5_20171115_73_3_Ay10x1_99_a0_full_segmentation_masks.tif
0.8695517433527321,0.18860727213481712,1.1805816135084428,2.2916073968705546,2132,1406,-726,ZTMA208_slide_28.23kx22.4ky_7000x7000_5_20171115_74_3_Ay10x2_105_a0_full_ZTMA208_slide_28.23kx22.4ky_7000x7000_5_20171115_74_3_Ay10x2_105_a0_full_segmentation_masks.tif
0.8390929858239138,0.28111619321334896,0.7555994729907773,1.4847619047619047,1518,1050,-468,ZTMA208_slide_28.23kx22.4ky_7000x7000_5_20171115_75_3_Ay10x3_113_a0_full_ZTMA208_slide_28.23kx22.4ky_7000x7000_5_20171115_75_3_Ay10x3_113_a0_full_segmentation_masks.tif
0.794210463242833,0.37944271990889555,0.6280193236714976,0.9709302325581395,414,344,-70,ZTMA208_slide_28.23kx22.4ky_7000x7000_5_20171115_76_3_Ay10x4_121_a0_full_ZTMA208_slide_28.23kx22.4ky_7000x7000_5_20171115_76_3_Ay10x4_121_a0_full_segmentation_masks.tif
0.7201679692056456,0.3110316747271233,0.6388888888888888,1.1643835616438356,396,292,-104,ZTMA208_slide_28.23kx22.4ky_7000x7000_5_20171115_77_43_Ay10x5_127_a0_full_ZTMA208_slide_28.23kx22.4ky_7000x7000_5_20171115_77_43_Ay10x5_127_a0_full_segmentation_masks.tif
0.7923869699212407,0.4298417411630919,0.48769574944071586,0.6925,447,400,-47,ZTMA208_slide_28.23kx22.4ky_7000x7000_5_20171115_78_43_Ay10x6_135_a0_full_ZTMA208_slide_28.23kx22.4ky_7000x7000_5_20171115_78_43_Ay10x6_135_a0_full_segmentation_masks.tif
0.819990899914752,0.35345749010780547,0.9633943427620633,1.4967032967032967,1202,910,-292,ZTMA208_slide_28.23kx22.4ky_7000x7000_5_20171115_79_43_Ay10x7_143_a0_full_ZTMA208_slide_28.23kx22.4ky_7000x7000_5_20171115_79_43_Ay10x7_143_a0_full_segmentation_masks.tif
0.7917280327778086,0.3364658872280598,0.9989775051124744,1.505249343832021,978,762,-216,ZTMA208_slide_28.23kx22.4ky_7000x7000_5_20171115_80_43_Ay10x8_151_a0_full_ZTMA208_slide_28.23kx22.4ky_7000x7000_5_20171115_80_43_Ay10x8_151_a0_full_segmentation_masks.tif
0.3647138503217067,0.18238238238238239,0.0,0.14285714285714285,11,14,3,ZTMA208_slide_28.23kx22.4ky_7000x7000_5_20171115_81_43_Ay11x1_162_a0_full_ZTMA208_slide_28.23kx22.4ky_7000x7000_5_20171115_81_43_Ay11x1_162_a0_full_segmentation_masks.tif
0.8250554478615463,0.3630001666230273,0.775497512437811,1.2406671961874502,1608,1259,-349,ZTMA208_slide_28.23kx22.4ky_7000x7000_5_20171115_82_50_Ay11x2_170_a0_full_ZTMA208_slide_28.23kx22.4ky_7000x7000_5_20171115_82_50_Ay11x2_170_a0_full_segmentation_masks.tif
0.7742560003971307,0.37655459887932213,0.49079754601226994,0.8312693498452013,815,646,-169,ZTMA208_slide_28.23kx22.4ky_7000x7000_5_20171115_83_50_Ay11x3_178_a0_full_ZTMA208_slide_28.23kx22.4ky_7000x7000_5_20171115_83_50_Ay11x3_178_a0_full_segmentation_masks.tif
0.8799261698094383,0.32477353511798834,1.2666666666666666,1.8753387533875339,1410,1107,-303,ZTMA208_slide_28.23kx22.4ky_7000x7000_5_20171115_84_50_Ay11x4_186_a0_full_ZTMA208_slide_28.23kx22.4ky_7000x7000_5_20171115_84_50_Ay11x4_186_a0_full_segmentation_masks.tif
0.7608057235233903,0.3317763623496108,0.44840667678300455,0.9866220735785953,1318,897,-421,ZTMA208_slide_28.23kx22.4ky_7000x7000_5_20171115_85_50_Ay11x5_194_a0_full_ZTMA208_slide_28.23kx22.4ky_7000x7000_5_20171115_85_50_Ay11x5_194_a0_full_segmentation_masks.tif
0.6580896686159844,0.47583429228998847,0.0,0.038461538461538464,23,26,3,ZTMA208_slide_28.23kx22.4ky_7000x7000_5_20171115_86_50_Ay11x6_202_a0_full_ZTMA208_slide_28.23kx22.4ky_7000x7000_5_20171115_86_50_Ay11x6_202_a0_full_segmentation_masks.tif
0.7402836855104281,0.35211006302070347,0.5810169491525424,1.0267774699907664,1475,1083,-392,ZTMA208_slide_28.23kx22.4ky_7000x7000_5_20171115_87_55_Ay11x7_210_a0_full_ZTMA208_slide_28.23kx22.4ky_7000x7000_5_20171115_87_55_Ay11x7_210_a0_full_segmentation_masks.tif
0.832270429513575,0.29517037293978005,0.8485283560660445,1.5784615384615384,1393,975,-418,ZTMA208_slide_28.23kx22.4ky_7000x7000_5_20171115_88_55_Ay11x8_218_a0_full_ZTMA208_slide_28.23kx22.4ky_7000x7000_5_20171115_88_55_Ay11x8_218_a0_full_segmentation_masks.tif
0.7632277196815983,0.4154312269711148,0.5248397435897436,0.7971291866028708,1248,1045,-203,ZTMA208_slide_28.23kx22.4ky_7000x7000_5_20171115_89_55_Ay12x1_226_a0_full_ZTMA208_slide_28.23kx22.4ky_7000x7000_5_20171115_89_55_Ay12x1_226_a0_full_segmentation_masks.tif
0.8014428949511401,0.3401770032228911,0.5441988950276243,1.0720496894409939,1086,805,-281,ZTMA208_slide_28.23kx22.4ky_7000x7000_5_20171115_90_55_Ay12x2_234_a0_full_ZTMA208_slide_28.23kx22.4ky_7000x7000_5_20171115_90_55_Ay12x2_234_a0_full_segmentation_masks.tif
0.6775047258979207,0.4220430107526882,0.0,0.42857142857142855,13,7,-6,ZTMA208_slide_28.23kx22.4ky_7000x7000_5_20171115_91_55_Ay12x3_242_a0_full_ZTMA208_slide_28.23kx22.4ky_7000x7000_5_20171115_91_55_Ay12x3_242_a0_full_segmentation_masks.tif
0.9083034850255753,0.27910042278200203,1.654736842105263,2.169278996865204,1900,1595,-305,ZTMA208_slide_28.23kx22.4ky_7000x7000_5_20171115_92_55_Ay12x4_250_a0_full_ZTMA208_slide_28.23kx22.4ky_7000x7000_5_20171115_92_55_Ay12x4_250_a0_full_segmentation_masks.tif
0.7807686600385814,0.27848077251427594,0.6369710467706013,1.3079416531604537,898,617,-281,ZTMA208_slide_28.23kx22.4ky_7000x7000_5_20171115_93_1_Ay12x5_258_a0_full_ZTMA208_slide_28.23kx22.4ky_7000x7000_5_20171115_93_1_Ay12x5_258_a0_full_segmentation_masks.tif
0.7993763089669426,0.23699092117802137,0.7546925566343042,1.773109243697479,1545,952,-593,ZTMA208_slide_28.23kx22.4ky_7000x7000_5_20171115_94_1_Ay12x6_266_a0_full_ZTMA208_slide_28.23kx22.4ky_7000x7000_5_20171115_94_1_Ay12x6_266_a0_full_segmentation_masks.tif
0.8254494819183356,0.2665732959850607,0.45695364238410596,1.2670157068062826,302,191,-111,ZTMA208_slide_28.23kx22.4ky_7000x7000_5_20171115_95_1_Ay12x7_275_a0_full_ZTMA208_slide_28.23kx22.4ky_7000x7000_5_20171115_95_1_Ay12x7_275_a0_full_segmentation_masks.tif
0.791783950716572,0.3213534250069074,0.8090909090909091,1.2940038684719535,660,517,-143,ZTMA208_slide_28.23kx22.4ky_7000x7000_5_20171115_96_1_Ay12x8_283_a0_full_ZTMA208_slide_28.23kx22.4ky_7000x7000_5_20171115_96_1_Ay12x8_283_a0_full_segmentation_masks.tif
0.5518400268862376,0.29482158398607483,0.07142857142857142,0.4,28,15,-13,ZTMA208_slide_28.23kx22.4ky_7000x7000_5_20171115_97_1_Ay13x1_291_a0_full_ZTMA208_slide_28.23kx22.4ky_7000x7000_5_20171115_97_1_Ay13x1_291_a0_full_segmentation_masks.tif
